{"type":"FeatureCollection","crs":{"type":"name","properties":{"name":"EPSG:4326"}},"features":[{"type":"Feature","id":899299,"geometry":{"type":"Point","coordinates":[-78.6904977221264,35.7846470740892]},"properties":{"OBJECTID":899299,"GlobalID":"5518bfd3-00b7-41e9-9dd5-a0745a4c6a18","case_number":"P26015568","crime_category":"LARCENY","crime_code":"35C","crime_description":"Larceny/Shoplifting","crime_type":"CRIMES AGAINST PROPERTY","reported_block_address":"3900 BLOCK WESTERN BLVD","city_of_incident":"RALEIGH","city":"RALEIGH","district":"Southwest","reported_date":1774413420000,"reported_year":2026,"reported_month":3,"reported_day":25,"reported_hour":0,"reported_dayofwk":"Wednesday","latitude":35.78464707408925,"longitude":-78.690497722126366,"agency":"RPD","updated_date":1775144497590}},{"type":"Feature","id":899355,"geometry":{"type":"Point","coordinates":[-78.6827723722839,35.7767677924316]},"properties":{"OBJECTID":899355,"GlobalID":"b1a69cf7-f00b-4b45-bc67-64ff8eac3db2","case_number":"P26015563","crime_category":"ROBBERY","crime_code":"20B","crime_description":"Robbery/From Person","crime_type":"CRIMES AGAINST PROPERTY","reported_block_address":"1500 BLOCK VARSITY DR","city_of_incident":"RALEIGH","city":"RALEIGH","district":"Southwest","reported_date":1774411740000,"reported_year":2026,"reported_month":3,"reported_day":25,"reported_hour":0,"reported_dayofwk":"Wednesday","latitude":35.776767792431649,"longitude":-78.682772372283893,"agency":"RPD","updated_date":1777060738403}},{"type":"Feature","id":899358,"geometry":{"type":"Point","coordinates":[-78.639567782033,35.7620757541786]},"properties":{"OBJECTID":899358,"GlobalID":"88531d38-80c2-4448-91d5-a45aa66d2e24","case_number":"P26015576","crime_category":"SIMPLE ASSAULT","crime_code":"25E","crime_description":"Assault/Simple","crime_type":"CRIMES AGAINST PERSONS","reported_block_address":"1400 BLOCK S WILMINGTON ST","city_of_incident":"RALEIGH","city":"RALEIGH","district":"Downtown","reported_date":1774426140000,"reported_year":2026,"reported_month":3,"reported_day":25,"reported_hour":4,"reported_dayofwk":"Wednesday","latitude":35.762075754178639,"longitude":-78.639567782033041,"agency":"RPD","updated_date":1774996458380}},{"type":"Feature","id":899367,"geometry":{"type":"Point","coordinates":[-78.6185396129798,35.7683591715504]},"properties":{"OBJECTID":899367,"GlobalID":"47fa87c5-0a74-4cf1-855b-2f81ea819015","case_number":"P26015570","crime_category":"DRUG VIOLATIONS","crime_code":"54Z","crime_description":"Drug Equipment/Paraphernalia","crime_type":"CRIMES AGAINST SOCIETY","reported_block_address":"1200 BLOCK MARTIN LUTHER KING JR BLVD","city_of_incident":"RALEIGH","city":"RALEIGH","district":"Southeast","reported_date":1774417260000,"reported_year":2026,"reported_month":3,"reported_day":25,"reported_hour":1,"reported_dayofwk":"Wednesday","latitude":35.768359171550387,"longitude":-78.618539612979774,"agency":"RPD","updated_date":1774996455160}},{"type":"Feature","id":899382,"geometry":{"type":"Point","coordinates":[-78.6427372242348,35.8727325685929]},"properties":{"OBJECTID":899382,"GlobalID":"df5d1483-be34-4d5c-bb39-9a7813d1bbbb","case_number":"P26015569","crime_category":"DISORDERLY CONDUCT","crime_code":"70E","crime_description":"Disorderly Conduct/Resist-Delay-Obstruct Officer","crime_type":"CRIMES AGAINST SOCIETY","reported_block_address":"6800 BLOCK WOODBEND DR","city_of_incident":"RALEIGH","city":"RALEIGH","district":"North","reported_date":1774414440000,"reported_year":2026,"reported_month":3,"reported_day":25,"reported_hour":0,"reported_dayofwk":"Wednesday","latitude":35.872732568592895,"longitude":-78.642737224234793,"agency":"RPD","updated_date":1774972226997}},{"type":"Feature","id":899401,"geometry":{"type":"Point","coordinates":[-78.5518897712474,35.7560963327334]},"properties":{"OBJECTID":899401,"GlobalID":"1b11136b-0ccf-4073-93e1-8fd93ddc6afa","case_number":"P26015573","crime_category":"LARCENY FROM MV","crime_code":"35F","crime_description":"Larceny/Theft from Motor Vehicle","crime_type":"CRIMES AGAINST PROPERTY","reported_block_address":"5300 BLOCK TRESTLEWOOD LN","city_of_incident":"RALEIGH","city":"RALEIGH","district":"Southeast","reported_date":1774419000000,"reported_year":2026,"reported_month":3,"reported_day":25,"reported_hour":2,"reported_dayofwk":"Wednesday","latitude":35.756096332733392,"longitude":-78.551889771247417,"agency":"RPD","updated_date":1777106849753}},{"type":"Feature","id":899409,"geometry":{"type":"Point","coordinates":[-78.630167084359,35.7680934604438]},"properties":{"OBJECTID":899409,"GlobalID":"3d5d3ebd-256c-4a1d-8200-4372a25f4940","case_number":"P26015574","crime_category":"ALL OTHER OFFENSES","crime_code":"80A","crime_description":"All Other/All Other Offenses","crime_type":"NULL","reported_block_address":"500 BLOCK MARTIN LUTHER KING JR BLVD","city_of_incident":"RALEIGH","city":"RALEIGH","district":"Downtown","reported_date":1774421580000,"reported_year":2026,"reported_month":3,"reported_day":25,"reported_hour":2,"reported_dayofwk":"Wednesday","latitude":35.768093460443794,"longitude":-78.630167084358959,"agency":"RPD","updated_date":1774972228717}},{"type":"Feature","id":899410,"geometry":{"type":"Point","coordinates":[-78.630167084359,35.7680934604438]},"properties":{"OBJECTID":899410,"GlobalID":"cd22b0fb-3e98-45f3-b139-400ad5792e26","case_number":"P26015574","crime_category":"LIQUOR LAW VIOLATIONS","crime_code":"71M","crime_description":"Liquor-Alcohol Law Violations","crime_type":"CRIMES AGAINST SOCIETY","reported_block_address":"500 BLOCK MARTIN LUTHER KING JR BLVD","city_of_incident":"RALEIGH","city":"RALEIGH","district":"Downtown","reported_date":1774421580000,"reported_year":2026,"reported_month":3,"reported_day":25,"reported_hour":2,"reported_dayofwk":"Wednesday","latitude":35.768093460443794,"longitude":-78.630167084358959,"agency":"RPD","updated_date":1774972228717}},{"type":"Feature","id":899436,"geometry":null,"properties":{"OBJECTID":899436,"GlobalID":"881cb8a8-e0ce-4816-aae3-26a035ad5b82","case_number":"","crime_category":"MISCELLANEOUS","crime_code":"81A","crime_description":"Miscellaneous/All Other Non-Offenses","crime_type":"NULL","reported_block_address":"","city_of_incident":"","city":"RALEIGH","district":"North","reported_date":1774411320000,"reported_year":2026,"reported_month":3,"reported_day":25,"reported_hour":0,"reported_dayofwk":"Wednesday","latitude":0,"longitude":0,"agency":"RPD","updated_date":1775826648513}},{"type":"Feature","id":899443,"geometry":null,"properties":{"OBJECTID":899443,"GlobalID":"6ce0c8d3-67f9-4be2-8874-9be51b172008","case_number":"","crime_category":"MISCELLANEOUS","crime_code":"81A","crime_description":"Miscellaneous/All Other Non-Offenses","crime_type":"NULL","reported_block_address":"","city_of_incident":"","city":"RALEIGH","district":"Northwest","reported_date":1774420440000,"reported_year":2026,"reported_month":3,"reported_day":25,"reported_hour":2,"reported_dayofwk":"Wednesday","latitude":0,"longitude":0,"agency":"RPD","updated_date":1774976719103}},{"type":"Feature","id":899448,"geometry":null,"properties":{"OBJECTID":899448,"GlobalID":"f732fd72-8a89-4716-9cfa-feba1eb106a0","case_number":"","crime_category":"MISCELLANEOUS","crime_code":"81A","crime_description":"Miscellaneous/All Other Non-Offenses","crime_type":"NULL","reported_block_address":"","city_of_incident":"","city":"RALEIGH","district":"Southeast","reported_date":1774416360000,"reported_year":2026,"reported_month":3,"reported_day":25,"reported_hour":1,"reported_dayofwk":"Wednesday","latitude":0,"longitude":0,"agency":"RPD","updated_date":1774972227683}},{"type":"Feature","id":899449,"geometry":null,"properties":{"OBJECTID":899449,"GlobalID":"d5c313e8-a219-41da-a7a8-ae80021e3967","case_number":"","crime_category":"MISCELLANEOUS","crime_code":"81A","crime_description":"Miscellaneous/All Other Non-Offenses","crime_type":"NULL","reported_block_address":"","city_of_incident":"","city":"RALEIGH","district":"Southeast","reported_date":1774418160000,"reported_year":2026,"reported_month":3,"reported_day":25,"reported_hour":1,"reported_dayofwk":"Wednesday","latitude":0,"longitude":0,"agency":"RPD","updated_date":1774972229067}},{"type":"Feature","id":899475,"geometry":{"type":"Point","coordinates":[-78.6672399555081,35.7794351339161]},"properties":{"OBJECTID":899475,"GlobalID":"ed1465c4-3cf0-4079-89a0-b0365bf023c0","case_number":"P26015659","crime_category":"HUMANE","crime_code":"82J","crime_description":"Humane/Chemical Deployment","crime_type":"NULL","reported_block_address":"WESTERN BLVD  &  PULLEN RD","city_of_incident":"RALEIGH","city":"RALEIGH","district":"Southwest","reported_date":1774457100000,"reported_year":2026,"reported_month":3,"reported_day":25,"reported_hour":12,"reported_dayofwk":"Wednesday","latitude":35.7794351339161,"longitude":-78.667239955508123,"agency":"RPD","updated_date":1775679625903}},{"type":"Feature","id":899476,"geometry":{"type":"Point","coordinates":[-78.626445243365,35.8124235721948]},"properties":{"OBJECTID":899476,"GlobalID":"483dc067-fb15-42f7-9fb4-d305492d3152","case_number":"P26015616","crime_category":"SIMPLE ASSAULT","crime_code":"25E","crime_description":"Assault/Simple","crime_type":"CRIMES AGAINST PERSONS","reported_block_address":"WAKE FOREST RD  &  BALE ST","city_of_incident":"RALEIGH","city":"RALEIGH","district":"Northeast","reported_date":1774443900000,"reported_year":2026,"reported_month":3,"reported_day":25,"reported_hour":9,"reported_dayofwk":"Wednesday","latitude":35.812423572194838,"longitude":-78.626445243364969,"agency":"RPD","updated_date":1774996638937}},{"type":"Feature","id":899477,"geometry":{"type":"Point","coordinates":[-78.626445243365,35.8124235721948]},"properties":{"OBJECTID":899477,"GlobalID":"713cb19c-fcb0-4ee5-ab1a-44cc5d21072f","case_number":"P26015616","crime_category":"DISORDERLY CONDUCT","crime_code":"70C","crime_description":"Disorderly Conduct/Disturbing the Peace","crime_type":"CRIMES AGAINST SOCIETY","reported_block_address":"WAKE FOREST RD  &  BALE ST","city_of_incident":"RALEIGH","city":"RALEIGH","district":"Northeast","reported_date":1774443900000,"reported_year":2026,"reported_month":3,"reported_day":25,"reported_hour":9,"reported_dayofwk":"Wednesday","latitude":35.812423572194838,"longitude":-78.626445243364969,"agency":"RPD","updated_date":1774996638937}},{"type":"Feature","id":899478,"geometry":{"type":"Point","coordinates":[-78.5981274132921,35.7723517123545]},"properties":{"OBJECTID":899478,"GlobalID":"683bae21-6690-4987-8949-c5a6157d41ab","case_number":"P26015740","crime_category":"DRUGS","crime_code":"54D","crime_description":"Drug Violation/Misdemeanor","crime_type":"CRIMES AGAINST SOCIETY","reported_block_address":"400 BLOCK ROSE LN","city_of_incident":"RALEIGH","city":"RALEIGH","district":"Southeast","reported_date":1774480860000,"reported_year":2026,"reported_month":3,"reported_day":25,"reported_hour":19,"reported_dayofwk":"Wednesday","latitude":35.7723517123545,"longitude":-78.598127413292076,"agency":"RPD","updated_date":1774996975647}},{"type":"Feature","id":899479,"geometry":{"type":"Point","coordinates":[-78.5981274132921,35.7723517123545]},"properties":{"OBJECTID":899479,"GlobalID":"bcf6c8bb-47a3-4afb-852f-fdf117dc349b","case_number":"P26015740","crime_category":"WEAPONS VIOLATION","crime_code":"51A","crime_description":"Weapons/Carry Concealed Weapon","crime_type":"CRIMES AGAINST SOCIETY","reported_block_address":"400 BLOCK ROSE LN","city_of_incident":"RALEIGH","city":"RALEIGH","district":"Southeast","reported_date":1774480860000,"reported_year":2026,"reported_month":3,"reported_day":25,"reported_hour":19,"reported_dayofwk":"Wednesday","latitude":35.7723517123545,"longitude":-78.598127413292076,"agency":"RPD","updated_date":1774996975647}},{"type":"Feature","id":899480,"geometry":{"type":"Point","coordinates":[-78.5905564608865,35.7847584348722]},"properties":{"OBJECTID":899480,"GlobalID":"3baf7606-52f6-4a6d-92a8-550c46f83ed6","case_number":"P26015733","crime_category":"ALL OTHER OFFENSES","crime_code":"80A","crime_description":"All Other/All Other Offenses","crime_type":"NULL","reported_block_address":"NEW BERN AVE  &  UNNAMED ACCESS","city_of_incident":"RALEIGH","city":"RALEIGH","district":"Southeast","reported_date":1774477020000,"reported_year":2026,"reported_month":3,"reported_day":25,"reported_hour":18,"reported_dayofwk":"Wednesday","latitude":35.784758434872231,"longitude":-78.590556460886532,"agency":"RPD","updated_date":1775069936370}},{"type":"Feature","id":899481,"geometry":{"type":"Point","coordinates":[-78.5630346571533,35.7968214568223]},"properties":{"OBJECTID":899481,"GlobalID":"ae224eea-e916-4dd9-a7ee-d67656dca552","case_number":"P26015720","crime_category":"AGGRAVATED ASSAULT","crime_code":"25G","crime_description":"Assault/Aggravated","crime_type":"CRIMES AGAINST PERSONS","reported_block_address":"1300 BLOCK N NEW HOPE RD","city_of_incident":"RALEIGH","city":"RALEIGH","district":"Southeast","reported_date":1774474140000,"reported_year":2026,"reported_month":3,"reported_day":25,"reported_hour":17,"reported_dayofwk":"Wednesday","latitude":35.796821456822315,"longitude":-78.56303465715331,"agency":"RPD","updated_date":1774996944820}},{"type":"Feature","id":899483,"geometry":{"type":"Point","coordinates":[-78.8018178411901,35.9004900843581]},"properties":{"OBJECTID":899483,"GlobalID":"2fa89def-843b-4c52-82b4-6ce415d89b83","case_number":"P26015613","crime_category":"FRAUD","crime_code":"56C","crime_description":"Fraud/ID Theft","crime_type":"CRIMES AGAINST PROPERTY","reported_block_address":"9200 BLOCK BRUCKHAUS STREET","city_of_incident":"RALEIGH","city":"Raleigh","district":"Northwest","reported_date":1774445400000,"reported_year":2026,"reported_month":3,"reported_day":25,"reported_hour":9,"reported_dayofwk":"Wednesday","latitude":35.900490084358061,"longitude":-78.801817841190072,"agency":"RPD","updated_date":1774996636927}},{"type":"Feature","id":899484,"geometry":{"type":"Point","coordinates":[-78.6250534345357,35.7799683660923]},"properties":{"OBJECTID":899484,"GlobalID":"ba796a0e-20f8-48f2-8b25-1b36a8a5a181","case_number":"P26015664","crime_category":"LARCENY FROM MV","crime_code":"35G","crime_description":"Larceny/Theft of MV Parts-Accessories","crime_type":"CRIMES AGAINST PROPERTY","reported_block_address":"900 BLOCK NEW BERN AVE","city_of_incident":"RALEIGH","city":"RALEIGH","district":"Downtown","reported_date":1774462500000,"reported_year":2026,"reported_month":3,"reported_day":25,"reported_hour":14,"reported_dayofwk":"Wednesday","latitude":35.779968366092312,"longitude":-78.625053434535658,"agency":"RPD","updated_date":1774996758443}},{"type":"Feature","id":899485,"geometry":{"type":"Point","coordinates":[-78.7286308455576,35.9006517257157]},"properties":{"OBJECTID":899485,"GlobalID":"fc80e756-371e-48c2-b3ec-e4b45af65c24","case_number":"P26015598","crime_category":"LARCENY FROM MV","crime_code":"35F","crime_description":"Larceny/Theft from Motor Vehicle","crime_type":"CRIMES AGAINST PROPERTY","reported_block_address":"8900 BLOCK LANGWOOD DR","city_of_incident":"RALEIGH","city":"RALEIGH","district":"Northwest","reported_date":1774438020000,"reported_year":2026,"reported_month":3,"reported_day":25,"reported_hour":7,"reported_dayofwk":"Wednesday","latitude":35.900651725715683,"longitude":-78.728630845557575,"agency":"RPD","updated_date":1775000235583}},{"type":"Feature","id":899487,"geometry":{"type":"Point","coordinates":[-78.5065086228804,35.893730945039]},"properties":{"OBJECTID":899487,"GlobalID":"0755ebf1-c051-4a3d-82c9-315f65abb9fd","case_number":"P26015637","crime_category":"ALL OTHER OFFENSES","crime_code":"80A","crime_description":"All Other/All Other Offenses","crime_type":"NULL","reported_block_address":"8400 BLOCK VILLAGE RIDGE CIR","city_of_incident":"RALEIGH","city":"RALEIGH","district":"North","reported_date":1774449060000,"reported_year":2026,"reported_month":3,"reported_day":25,"reported_hour":10,"reported_dayofwk":"Wednesday","latitude":35.893730945038968,"longitude":-78.5065086228804,"agency":"RPD","updated_date":1774972245110}},{"type":"Feature","id":899488,"geometry":{"type":"Point","coordinates":[-78.7855313291801,35.9077236009168]},"properties":{"OBJECTID":899488,"GlobalID":"dcb63c8e-fd5b-46f8-bb66-994984f847de","case_number":"P26015583","crime_category":"LARCENY","crime_code":"35C","crime_description":"Larceny/Shoplifting","crime_type":"CRIMES AGAINST PROPERTY","reported_block_address":"8300 BLOCK BRIAR CREEK PKWY","city_of_incident":"RALEIGH","city":"Raleigh","district":"Northwest","reported_date":1774431720000,"reported_year":2026,"reported_month":3,"reported_day":25,"reported_hour":5,"reported_dayofwk":"Wednesday","latitude":35.907723600916782,"longitude":-78.78553132918006,"agency":"RPD","updated_date":1775155028667}},{"type":"Feature","id":899491,"geometry":{"type":"Point","coordinates":[-78.5554872539878,35.882627861099]},"properties":{"OBJECTID":899491,"GlobalID":"9e94fa45-0004-48ae-ba98-7a9f5fbf1802","case_number":"P26015663","crime_category":"ALL OTHER OFFENSES","crime_code":"80A","crime_description":"All Other/All Other Offenses","crime_type":"NULL","reported_block_address":"8100 BLOCK MCGUIRE DR","city_of_incident":"RALEIGH","city":"RALEIGH","district":"North","reported_date":1774462080000,"reported_year":2026,"reported_month":3,"reported_day":25,"reported_hour":14,"reported_dayofwk":"Wednesday","latitude":35.882627861098996,"longitude":-78.55548725398782,"agency":"RPD","updated_date":1774972253183}},{"type":"Feature","id":899493,"geometry":{"type":"Point","coordinates":[-78.7756253016786,35.9209909862202]},"properties":{"OBJECTID":899493,"GlobalID":"12d4f680-a137-4300-966e-61c8b146645f","case_number":"P26015600","crime_category":"VANDALISM","crime_code":"80B","crime_description":"All Other/Damage to Property (minor)","crime_type":"NULL","reported_block_address":"7900 BLOCK SUNFIELD CIR","city_of_incident":"RALEIGH","city":"RALEIGH","district":"Northwest","reported_date":1774439940000,"reported_year":2026,"reported_month":3,"reported_day":25,"reported_hour":7,"reported_dayofwk":"Wednesday","latitude":35.920990986220218,"longitude":-78.775625301678559,"agency":"RPD","updated_date":1775144649730}},{"type":"Feature","id":899494,"geometry":{"type":"Point","coordinates":[-78.7756253016786,35.9209909862202]},"properties":{"OBJECTID":899494,"GlobalID":"b6d72149-5152-4f3d-9537-b8dad5f6af37","case_number":"P26015595","crime_category":"LARCENY FROM MV","crime_code":"35F","crime_description":"Larceny/Theft from Motor Vehicle","crime_type":"CRIMES AGAINST PROPERTY","reported_block_address":"7900 BLOCK SUNFIELD CIR","city_of_incident":"RALEIGH","city":"RALEIGH","district":"Northwest","reported_date":1774435860000,"reported_year":2026,"reported_month":3,"reported_day":25,"reported_hour":6,"reported_dayofwk":"Wednesday","latitude":35.920990986220218,"longitude":-78.775625301678559,"agency":"RPD","updated_date":1775072178150}},{"type":"Feature","id":899495,"geometry":{"type":"Point","coordinates":[-78.7756253016786,35.9209909862202]},"properties":{"OBJECTID":899495,"GlobalID":"9bea0014-26c0-4f96-9534-72da4f54b5c8","case_number":"P26015595","crime_category":"VANDALISM","crime_code":"80B","crime_description":"All Other/Damage to Property (minor)","crime_type":"NULL","reported_block_address":"7900 BLOCK SUNFIELD CIR","city_of_incident":"RALEIGH","city":"RALEIGH","district":"Northwest","reported_date":1774435860000,"reported_year":2026,"reported_month":3,"reported_day":25,"reported_hour":6,"reported_dayofwk":"Wednesday","latitude":35.920990986220218,"longitude":-78.775625301678559,"agency":"RPD","updated_date":1775072178150}},{"type":"Feature","id":899496,"geometry":{"type":"Point","coordinates":[-78.7255640447898,35.8697106368722]},"properties":{"OBJECTID":899496,"GlobalID":"c2472eb9-360c-4542-8a74-8951219d0c5a","case_number":"P26015589","crime_category":"ALL OTHER OFFENSES","crime_code":"80A","crime_description":"All Other/All Other Offenses","crime_type":"NULL","reported_block_address":"7900 BLOCK ALLSCOTT WAY","city_of_incident":"RALEIGH","city":"RALEIGH","district":"Northwest","reported_date":1774436460000,"reported_year":2026,"reported_month":3,"reported_day":25,"reported_hour":7,"reported_dayofwk":"Wednesday","latitude":35.869710636872249,"longitude":-78.7255640447898,"agency":"RPD","updated_date":1775136250460}},{"type":"Feature","id":899498,"geometry":{"type":"Point","coordinates":[-78.6457051388224,35.8783676626323]},"properties":{"OBJECTID":899498,"GlobalID":"92ffe12b-1309-48b1-b929-78b22525dea7","case_number":"P26015596","crime_category":"LARCENY","crime_code":"35C","crime_description":"Larceny/Shoplifting","crime_type":"CRIMES AGAINST PROPERTY","reported_block_address":"7200 BLOCK SIX FORKS RD","city_of_incident":"RALEIGH","city":"RALEIGH","district":"North","reported_date":1774437540000,"reported_year":2026,"reported_month":3,"reported_day":25,"reported_hour":7,"reported_dayofwk":"Wednesday","latitude":35.878367662632286,"longitude":-78.645705138822365,"agency":"RPD","updated_date":1774996626913}},{"type":"Feature","id":899499,"geometry":{"type":"Point","coordinates":[-78.5925302623931,35.8810738908246]},"properties":{"OBJECTID":899499,"GlobalID":"c6f208db-0dc6-463f-8791-3447ba0730f7","case_number":"P26015703","crime_category":"INTIMIDATION","crime_code":"25F","crime_description":"Assault/Intimidation-Communicating Threats","crime_type":"CRIMES AGAINST PERSONS","reported_block_address":"7200 BLOCK BECKY CIR","city_of_incident":"RALEIGH","city":"RALEIGH","district":"North","reported_date":1774468500000,"reported_year":2026,"reported_month":3,"reported_day":25,"reported_hour":15,"reported_dayofwk":"Wednesday","latitude":35.881073890824631,"longitude":-78.592530262393083,"agency":"RPD","updated_date":1774996924687}},{"type":"Feature","id":899500,"geometry":{"type":"Point","coordinates":[-78.7180558936262,35.873926992206]},"properties":{"OBJECTID":899500,"GlobalID":"c7923459-7988-4739-8e1b-092aa04366bc","case_number":"P26015628","crime_category":"HUMANE","crime_code":"82K","crime_description":"Humane/Animal Cruelty","crime_type":"CRIMES AGAINST SOCIETY","reported_block_address":"7100 BLOCK INDICA DR","city_of_incident":"RALEIGH","city":"RALEIGH","district":"Northwest","reported_date":1774445640000,"reported_year":2026,"reported_month":3,"reported_day":25,"reported_hour":9,"reported_dayofwk":"Wednesday","latitude":35.873926992205988,"longitude":-78.718055893626243,"agency":"RPD","updated_date":1775679611683}},{"type":"Feature","id":899502,"geometry":{"type":"Point","coordinates":[-78.6422579599615,35.7914348363479]},"properties":{"OBJECTID":899502,"GlobalID":"703a8329-b836-4105-b859-d3b61c30af64","case_number":"P26015675","crime_category":"BURGLARY/COMMERCIAL","crime_code":"30A","crime_description":"Burglary/Commercial or Non-Residential","crime_type":"CRIMES AGAINST PROPERTY","reported_block_address":"700 BLOCK CAPITAL BLVD","city_of_incident":"RALEIGH","city":"RALEIGH","district":"Downtown","reported_date":1774463400000,"reported_year":2026,"reported_month":3,"reported_day":25,"reported_hour":14,"reported_dayofwk":"Wednesday","latitude":35.791434836347882,"longitude":-78.642257959961469,"agency":"RPD","updated_date":1775738012853}},{"type":"Feature","id":899503,"geometry":{"type":"Point","coordinates":[-78.6422579599615,35.7914348363479]},"properties":{"OBJECTID":899503,"GlobalID":"12644b78-a72c-42df-aa11-3a2657cd1b1b","case_number":"P26015675","crime_category":"VANDALISM","crime_code":"80B","crime_description":"All Other/Damage to Property (minor)","crime_type":"NULL","reported_block_address":"700 BLOCK CAPITAL BLVD","city_of_incident":"RALEIGH","city":"RALEIGH","district":"Downtown","reported_date":1774463400000,"reported_year":2026,"reported_month":3,"reported_day":25,"reported_hour":14,"reported_dayofwk":"Wednesday","latitude":35.791434836347882,"longitude":-78.642257959961469,"agency":"RPD","updated_date":1775738012853}},{"type":"Feature","id":899504,"geometry":{"type":"Point","coordinates":[-78.5857476762216,35.8685514646222]},"properties":{"OBJECTID":899504,"GlobalID":"4d3f8669-337a-4768-9a72-c49c312b53b4","case_number":"P26015641","crime_category":"STOLEN PROPERTY","crime_code":"52C","crime_description":"Stolen Property/Recover Stolen Property (no arrest) (STOLEN FROM OTHER JURISDICTION)","crime_type":"CRIMES AGAINST PROPERTY","reported_block_address":"6900 BLOCK OLD WAKE FOREST RD","city_of_incident":"RALEIGH","city":"RALEIGH","district":"North","reported_date":1774451040000,"reported_year":2026,"reported_month":3,"reported_day":25,"reported_hour":11,"reported_dayofwk":"Wednesday","latitude":35.868551464622186,"longitude":-78.5857476762216,"agency":"RPD","updated_date":1774972246453}},{"type":"Feature","id":899506,"geometry":{"type":"Point","coordinates":[-78.6219743456713,35.8720123694855]},"properties":{"OBJECTID":899506,"GlobalID":"126a8b23-3f0d-46ba-9785-0a96ce5f69d8","case_number":"P26015695","crime_category":"DRUGS","crime_code":"54D","crime_description":"Drug Violation/Misdemeanor","crime_type":"CRIMES AGAINST SOCIETY","reported_block_address":"6500 BLOCK FALLS OF NEUSE RD","city_of_incident":"RALEIGH","city":"RALEIGH","district":"North","reported_date":1774469280000,"reported_year":2026,"reported_month":3,"reported_day":25,"reported_hour":16,"reported_dayofwk":"Wednesday","latitude":35.872012369485546,"longitude":-78.621974345671291,"agency":"RPD","updated_date":1774996838283}},{"type":"Feature","id":899507,"geometry":{"type":"Point","coordinates":[-78.6219743456713,35.8720123694855]},"properties":{"OBJECTID":899507,"GlobalID":"8692dc5f-d78b-4b96-b2e3-5e1af3954903","case_number":"P26015695","crime_category":"WEAPONS VIOLATION","crime_code":"51B","crime_description":"Weapons/Illegal Possession of Weapon","crime_type":"CRIMES AGAINST SOCIETY","reported_block_address":"6500 BLOCK FALLS OF NEUSE RD","city_of_incident":"RALEIGH","city":"RALEIGH","district":"North","reported_date":1774469280000,"reported_year":2026,"reported_month":3,"reported_day":25,"reported_hour":16,"reported_dayofwk":"Wednesday","latitude":35.872012369485546,"longitude":-78.621974345671291,"agency":"RPD","updated_date":1774996838283}},{"type":"Feature","id":899508,"geometry":{"type":"Point","coordinates":[-78.6792243406197,35.8749981486833]},"properties":{"OBJECTID":899508,"GlobalID":"081f76d7-ec02-4a8a-8e38-6a5a50bc2ebd","case_number":"P26015713","crime_category":"LARCENY FROM MV","crime_code":"35F","crime_description":"Larceny/Theft from Motor Vehicle","crime_type":"CRIMES AGAINST PROPERTY","reported_block_address":"6500 BLOCK CREEDMOOR RD","city_of_incident":"RALEIGH","city":"RALEIGH","district":"Northwest","reported_date":1774471140000,"reported_year":2026,"reported_month":3,"reported_day":25,"reported_hour":16,"reported_dayofwk":"Wednesday","latitude":35.874998148683275,"longitude":-78.679224340619655,"agency":"RPD","updated_date":1776908015993}},{"type":"Feature","id":899510,"geometry":{"type":"Point","coordinates":[-78.6792243406197,35.8749981486833]},"properties":{"OBJECTID":899510,"GlobalID":"19f78ba7-9420-43f8-8e1d-a8d032d0d77f","case_number":"P26015713","crime_category":"VANDALISM","crime_code":"53A","crime_description":"Damage to Property (Group A)","crime_type":"CRIMES AGAINST PROPERTY","reported_block_address":"6500 BLOCK CREEDMOOR RD","city_of_incident":"RALEIGH","city":"RALEIGH","district":"Northwest","reported_date":1774471140000,"reported_year":2026,"reported_month":3,"reported_day":25,"reported_hour":16,"reported_dayofwk":"Wednesday","latitude":35.874998148683275,"longitude":-78.679224340619655,"agency":"RPD","updated_date":1776908015993}},{"type":"Feature","id":899513,"geometry":{"type":"Point","coordinates":[-78.6471775818738,35.7879820322882]},"properties":{"OBJECTID":899513,"GlobalID":"ae2d01bb-4557-41e7-b423-83849abcff86","case_number":"P26015716","crime_category":"SIMPLE ASSAULT","crime_code":"25E","crime_description":"Assault/Simple","crime_type":"CRIMES AGAINST PERSONS","reported_block_address":"600 BLOCK GLENWOOD AVE","city_of_incident":"RALEIGH","city":"RALEIGH","district":"Downtown","reported_date":1774474680000,"reported_year":2026,"reported_month":3,"reported_day":25,"reported_hour":17,"reported_dayofwk":"Wednesday","latitude":35.787982032288184,"longitude":-78.647177581873791,"agency":"RPD","updated_date":1775157890080}},{"type":"Feature","id":899514,"geometry":{"type":"Point","coordinates":[-78.5692716259487,35.8620796303453]},"properties":{"OBJECTID":899514,"GlobalID":"c9421faf-4d57-4512-8147-f7d5503ff68c","case_number":"P26015671","crime_category":"SIMPLE ASSAULT","crime_code":"25E","crime_description":"Assault/Simple","crime_type":"CRIMES AGAINST PERSONS","reported_block_address":"5900 BLOCK TRIANGLE OAKS DR","city_of_incident":"RALEIGH","city":"RALEIGH","district":"Northeast","reported_date":1774462860000,"reported_year":2026,"reported_month":3,"reported_day":25,"reported_hour":14,"reported_dayofwk":"Wednesday","latitude":35.862079630345278,"longitude":-78.569271625948687,"agency":"RPD","updated_date":1775417527007}},{"type":"Feature","id":899517,"geometry":{"type":"Point","coordinates":[-78.5512575996565,35.7544653750311]},"properties":{"OBJECTID":899517,"GlobalID":"b76c1219-9e00-4892-b101-a72f7ca8892b","case_number":"P26015649","crime_category":"LARCENY FROM MV","crime_code":"35F","crime_description":"Larceny/Theft from Motor Vehicle","crime_type":"CRIMES AGAINST PROPERTY","reported_block_address":"5400 BLOCK TATTEN HOE CT","city_of_incident":"RALEIGH","city":"RALEIGH","district":"Southeast","reported_date":1774456380000,"reported_year":2026,"reported_month":3,"reported_day":25,"reported_hour":12,"reported_dayofwk":"Wednesday","latitude":35.75446537503106,"longitude":-78.551257599656509,"agency":"RPD","updated_date":1774996666737}},{"type":"Feature","id":899518,"geometry":{"type":"Point","coordinates":[-78.5512575996565,35.7544653750311]},"properties":{"OBJECTID":899518,"GlobalID":"95537cdc-2bc5-496e-bcbe-1f5c5fcc0c56","case_number":"P26015649","crime_category":"VANDALISM","crime_code":"80B","crime_description":"All Other/Damage to Property (minor)","crime_type":"NULL","reported_block_address":"5400 BLOCK TATTEN HOE CT","city_of_incident":"RALEIGH","city":"RALEIGH","district":"Southeast","reported_date":1774456380000,"reported_year":2026,"reported_month":3,"reported_day":25,"reported_hour":12,"reported_dayofwk":"Wednesday","latitude":35.75446537503106,"longitude":-78.551257599656509,"agency":"RPD","updated_date":1774996666737}},{"type":"Feature","id":899519,"geometry":{"type":"Point","coordinates":[-78.5543722433677,35.7531413325919]},"properties":{"OBJECTID":899519,"GlobalID":"9a37cc80-a367-4212-9504-17e54edc2c3a","case_number":"P26015697","crime_category":"FRAUD","crime_code":"56A","crime_description":"Fraud/False Pretense or Swindle","crime_type":"CRIMES AGAINST PROPERTY","reported_block_address":"5400 BLOCK FIELDCROSS CT","city_of_incident":"RALEIGH","city":"RALEIGH","district":"Southeast","reported_date":1774469040000,"reported_year":2026,"reported_month":3,"reported_day":25,"reported_hour":16,"reported_dayofwk":"Wednesday","latitude":35.753141332591909,"longitude":-78.554372243367666,"agency":"RPD","updated_date":1776363469803}},{"type":"Feature","id":899520,"geometry":{"type":"Point","coordinates":[-78.7172891326726,35.7903449601273]},"properties":{"OBJECTID":899520,"GlobalID":"e7ff7d36-7b73-443b-a5d1-0898437953ef","case_number":"P26015629","crime_category":"DRUG VIOLATIONS","crime_code":"54Z","crime_description":"Drug Equipment/Paraphernalia","crime_type":"CRIMES AGAINST SOCIETY","reported_block_address":"5400 BLOCK CHAPEL HILL RD","city_of_incident":"RALEIGH","city":"RALEIGH","district":"Southwest","reported_date":1774446960000,"reported_year":2026,"reported_month":3,"reported_day":25,"reported_hour":9,"reported_dayofwk":"Wednesday","latitude":35.7903449601273,"longitude":-78.717289132672548,"agency":"RPD","updated_date":1775075376700}},{"type":"Feature","id":899522,"geometry":{"type":"Point","coordinates":[-78.55946417297,35.7539210906212]},"properties":{"OBJECTID":899522,"GlobalID":"596bed68-4d12-4ad9-8d4a-259ca8c98ec2","case_number":"P26015592","crime_category":"LARCENY FROM MV","crime_code":"35F","crime_description":"Larceny/Theft from Motor Vehicle","crime_type":"CRIMES AGAINST PROPERTY","reported_block_address":"5200 BLOCK PRONGHORN LN","city_of_incident":"RALEIGH","city":"RALEIGH","district":"Southeast","reported_date":1774436340000,"reported_year":2026,"reported_month":3,"reported_day":25,"reported_hour":6,"reported_dayofwk":"Wednesday","latitude":35.753921090621176,"longitude":-78.55946417297001,"agency":"RPD","updated_date":1774996624173}},{"type":"Feature","id":899523,"geometry":{"type":"Point","coordinates":[-78.55946417297,35.7539210906212]},"properties":{"OBJECTID":899523,"GlobalID":"9edbaf97-7c55-421b-ab94-a33b7bdf4e1e","case_number":"P26015592","crime_category":"VANDALISM","crime_code":"80B","crime_description":"All Other/Damage to Property (minor)","crime_type":"NULL","reported_block_address":"5200 BLOCK PRONGHORN LN","city_of_incident":"RALEIGH","city":"RALEIGH","district":"Southeast","reported_date":1774436340000,"reported_year":2026,"reported_month":3,"reported_day":25,"reported_hour":6,"reported_dayofwk":"Wednesday","latitude":35.753921090621176,"longitude":-78.55946417297001,"agency":"RPD","updated_date":1774996624173}},{"type":"Feature","id":899526,"geometry":{"type":"Point","coordinates":[-78.6346882906707,35.8478969282525]},"properties":{"OBJECTID":899526,"GlobalID":"0ce3f77e-0841-4e80-938d-5475fa35835e","case_number":"P26015621","crime_category":"INTIMIDATION","crime_code":"25F","crime_description":"Assault/Intimidation-Communicating Threats","crime_type":"CRIMES AGAINST PERSONS","reported_block_address":"5000 BLOCK SKIDMORE ST","city_of_incident":"RALEIGH","city":"RALEIGH","district":"North","reported_date":1774447500000,"reported_year":2026,"reported_month":3,"reported_day":25,"reported_hour":10,"reported_dayofwk":"Wednesday","latitude":35.847896928252453,"longitude":-78.634688290670667,"agency":"RPD","updated_date":1774996648533}},{"type":"Feature","id":899527,"geometry":{"type":"Point","coordinates":[-78.6799400399574,35.8499918847218]},"properties":{"OBJECTID":899527,"GlobalID":"16503629-7493-439a-81ea-5dabab32d450","case_number":"P26015729","crime_category":"SEX OFFENSES","crime_code":"17M","crime_description":"Sex Offense/Indecent Exposure","crime_type":"CRIMES AGAINST SOCIETY","reported_block_address":"5000 BLOCK BEAVERBROOK RD","city_of_incident":"RALEIGH","city":"RALEIGH","district":"Northwest","reported_date":1774473960000,"reported_year":2026,"reported_month":3,"reported_day":25,"reported_hour":17,"reported_dayofwk":"Wednesday","latitude":35.849991884721796,"longitude":-78.679940039957387,"agency":"RPD","updated_date":1774972328840}},{"type":"Feature","id":899528,"geometry":{"type":"Point","coordinates":[-78.6450549370385,35.8043386718238]},"properties":{"OBJECTID":899528,"GlobalID":"ac2dc6dd-03de-454f-82c4-49f714611b91","case_number":"P26015739","crime_category":"LARCENY FROM MV","crime_code":"35F","crime_description":"Larceny/Theft from Motor Vehicle","crime_type":"CRIMES AGAINST PROPERTY","reported_block_address":"500 BLOCK W WHITAKER MILL RD","city_of_incident":"RALEIGH","city":"RALEIGH","district":"Downtown","reported_date":1774478280000,"reported_year":2026,"reported_month":3,"reported_day":25,"reported_hour":18,"reported_dayofwk":"Wednesday","latitude":35.804338671823835,"longitude":-78.6450549370385,"agency":"RPD","updated_date":1775668257783}},{"type":"Feature","id":899529,"geometry":{"type":"Point","coordinates":[-78.6450549370385,35.8043386718238]},"properties":{"OBJECTID":899529,"GlobalID":"c4b239da-c0f8-4068-9907-dc2898411338","case_number":"P26015739","crime_category":"VANDALISM","crime_code":"80B","crime_description":"All Other/Damage to Property (minor)","crime_type":"NULL","reported_block_address":"500 BLOCK W WHITAKER MILL RD","city_of_incident":"RALEIGH","city":"RALEIGH","district":"Downtown","reported_date":1774478280000,"reported_year":2026,"reported_month":3,"reported_day":25,"reported_hour":18,"reported_dayofwk":"Wednesday","latitude":35.804338671823835,"longitude":-78.6450549370385,"agency":"RPD","updated_date":1775668257783}},{"type":"Feature","id":899531,"geometry":{"type":"Point","coordinates":[-78.5589605187434,35.7980968356933]},"properties":{"OBJECTID":899531,"GlobalID":"5e5a3dcc-292b-4fe4-b0ea-136ed207bb1e","case_number":"P26015693","crime_category":"SIMPLE ASSAULT","crime_code":"25E","crime_description":"Assault/Simple","crime_type":"CRIMES AGAINST PERSONS","reported_block_address":"4600 BLOCK NEW BERN AV","city_of_incident":"RALEIGH","city":"RALEIGH","district":"Southeast","reported_date":1774467120000,"reported_year":2026,"reported_month":3,"reported_day":25,"reported_hour":15,"reported_dayofwk":"Wednesday","latitude":35.798096835693329,"longitude":-78.55896051874339,"agency":"RPD","updated_date":1774996836757}},{"type":"Feature","id":899532,"geometry":{"type":"Point","coordinates":[-78.5598411802295,35.7983628208528]},"properties":{"OBJECTID":899532,"GlobalID":"61417246-0cb7-4047-88c0-6d81be1ba1a7","case_number":"P26015587","crime_category":"LARCENY","crime_code":"35H","crime_description":"Larceny/All Other","crime_type":"CRIMES AGAINST PROPERTY","reported_block_address":"4500 BLOCK NEW BERN AV","city_of_incident":"RALEIGH","city":"RALEIGH","district":"Southeast","reported_date":1774436040000,"reported_year":2026,"reported_month":3,"reported_day":25,"reported_hour":6,"reported_dayofwk":"Wednesday","latitude":35.798362820852766,"longitude":-78.55984118022954,"agency":"RPD","updated_date":1774996547570}},{"type":"Feature","id":899533,"geometry":{"type":"Point","coordinates":[-78.6457589252735,35.7839918660967]},"properties":{"OBJECTID":899533,"GlobalID":"d8c898d4-e59d-4047-870a-7a8a3445b692","case_number":"P26015618","crime_category":"LARCENY FROM MV","crime_code":"35F","crime_description":"Larceny/Theft from Motor Vehicle","crime_type":"CRIMES AGAINST PROPERTY","reported_block_address":"200 BLOCK N WEST ST","city_of_incident":"RALEIGH","city":"RALEIGH","district":"Downtown","reported_date":1774446480000,"reported_year":2026,"reported_month":3,"reported_day":25,"reported_hour":9,"reported_dayofwk":"Wednesday","latitude":35.78399186609672,"longitude":-78.645758925273455,"agency":"RPD","updated_date":1774996640613}},{"type":"Feature","id":899534,"geometry":{"type":"Point","coordinates":[-78.6405130908029,35.8589277975197]},"properties":{"OBJECTID":899534,"GlobalID":"4b8e25f1-1d56-4cb0-8c2d-be7af0c80827","case_number":"P26015750","crime_category":"LARCENY","crime_code":"35D","crime_description":"Larceny/Theft from Building","crime_type":"CRIMES AGAINST PROPERTY","reported_block_address":"200 BLOCK LOFT LN","city_of_incident":"RALEIGH","city":"RALEIGH","district":"North","reported_date":1774480140000,"reported_year":2026,"reported_month":3,"reported_day":25,"reported_hour":19,"reported_dayofwk":"Wednesday","latitude":35.858927797519677,"longitude":-78.640513090802912,"agency":"RPD","updated_date":1774996980990}},{"type":"Feature","id":899535,"geometry":{"type":"Point","coordinates":[-78.6085015283612,35.7778250951773]},"properties":{"OBJECTID":899535,"GlobalID":"a6405c13-41a1-4b6b-9587-949fd26c461a","case_number":"P26015752","crime_category":"DRUG VIOLATIONS","crime_code":"54Z","crime_description":"Drug Equipment/Paraphernalia","crime_type":"CRIMES AGAINST SOCIETY","reported_block_address":"200 BLOCK KENNEDY ST","city_of_incident":"RALEIGH","city":"RALEIGH","district":"Southeast","reported_date":1774483560000,"reported_year":2026,"reported_month":3,"reported_day":25,"reported_hour":20,"reported_dayofwk":"Wednesday","latitude":35.777825095177256,"longitude":-78.608501528361217,"agency":"RPD","updated_date":1774996984383}},{"type":"Feature","id":899536,"geometry":{"type":"Point","coordinates":[-78.6085015283612,35.7778250951773]},"properties":{"OBJECTID":899536,"GlobalID":"a7b529e4-acb2-4cfe-bbc2-369dbdae96cb","case_number":"P26015752","crime_category":"DRUGS","crime_code":"54C","crime_description":"Drug Violation/Felony","crime_type":"CRIMES AGAINST SOCIETY","reported_block_address":"200 BLOCK KENNEDY ST","city_of_incident":"RALEIGH","city":"RALEIGH","district":"Southeast","reported_date":1774483560000,"reported_year":2026,"reported_month":3,"reported_day":25,"reported_hour":20,"reported_dayofwk":"Wednesday","latitude":35.777825095177256,"longitude":-78.608501528361217,"agency":"RPD","updated_date":1774996984383}},{"type":"Feature","id":899537,"geometry":{"type":"Point","coordinates":[-78.6606058768804,35.7824303230283]},"properties":{"OBJECTID":899537,"GlobalID":"487fed14-3f4f-4260-83c0-aacba750755e","case_number":"P26015646","crime_category":"VANDALISM","crime_code":"80B","crime_description":"All Other/Damage to Property (minor)","crime_type":"NULL","reported_block_address":"200 BLOCK COX AVE","city_of_incident":"RALEIGH","city":"RALEIGH","district":"Southwest","reported_date":1774453980000,"reported_year":2026,"reported_month":3,"reported_day":25,"reported_hour":11,"reported_dayofwk":"Wednesday","latitude":35.782430323028265,"longitude":-78.6606058768804,"agency":"RPD","updated_date":1775144146993}},{"type":"Feature","id":899538,"geometry":{"type":"Point","coordinates":[-78.5684980767119,35.7484999977191]},"properties":{"OBJECTID":899538,"GlobalID":"36155308-4d07-4010-ae40-29ebf41f80a3","case_number":"P26015754","crime_category":"DRUG VIOLATIONS","crime_code":"54Z","crime_description":"Drug Equipment/Paraphernalia","crime_type":"CRIMES AGAINST SOCIETY","reported_block_address":"1900 BLOCK WALNUT OVERLOOK WAY","city_of_incident":"RALEIGH","city":"RALEIGH","district":"Southeast","reported_date":1774479420000,"reported_year":2026,"reported_month":3,"reported_day":25,"reported_hour":18,"reported_dayofwk":"Wednesday","latitude":35.748499997719094,"longitude":-78.5684980767119,"agency":"RPD","updated_date":1774996986500}},{"type":"Feature","id":899539,"geometry":{"type":"Point","coordinates":[-78.5684980767119,35.7484999977191]},"properties":{"OBJECTID":899539,"GlobalID":"f4cf82c9-aee6-4e8d-b7ae-5b181d85ad71","case_number":"P26015754","crime_category":"DRUGS","crime_code":"54C","crime_description":"Drug Violation/Felony","crime_type":"CRIMES AGAINST SOCIETY","reported_block_address":"1900 BLOCK WALNUT OVERLOOK WAY","city_of_incident":"RALEIGH","city":"RALEIGH","district":"Southeast","reported_date":1774479420000,"reported_year":2026,"reported_month":3,"reported_day":25,"reported_hour":18,"reported_dayofwk":"Wednesday","latitude":35.748499997719094,"longitude":-78.5684980767119,"agency":"RPD","updated_date":1774996986500}},{"type":"Feature","id":899540,"geometry":{"type":"Point","coordinates":[-78.5684980767119,35.7484999977191]},"properties":{"OBJECTID":899540,"GlobalID":"fc626064-1b05-47b7-84e6-e6422f641772","case_number":"P26015766","crime_category":"WEAPONS VIOLATION","crime_code":"51A","crime_description":"Weapons/Carry Concealed Weapon","crime_type":"CRIMES AGAINST SOCIETY","reported_block_address":"1900 BLOCK WALNUT OVERLOOK WAY","city_of_incident":"RALEIGH","city":"RALEIGH","district":"Southeast","reported_date":1774491060000,"reported_year":2026,"reported_month":3,"reported_day":25,"reported_hour":22,"reported_dayofwk":"Wednesday","latitude":35.748499997719094,"longitude":-78.5684980767119,"agency":"RPD","updated_date":1774997000877}},{"type":"Feature","id":899541,"geometry":{"type":"Point","coordinates":[-78.5448885508096,35.7954008776372]},"properties":{"OBJECTID":899541,"GlobalID":"71421841-4718-4451-853e-f84e0a388aae","case_number":"P26015584","crime_category":"LARCENY FROM MV","crime_code":"35F","crime_description":"Larceny/Theft from Motor Vehicle","crime_type":"CRIMES AGAINST PROPERTY","reported_block_address":"1900 BLOCK SERENADE CIR","city_of_incident":"RALEIGH","city":"RALEIGH","district":"Southeast","reported_date":1774433100000,"reported_year":2026,"reported_month":3,"reported_day":25,"reported_hour":6,"reported_dayofwk":"Wednesday","latitude":35.7954008776372,"longitude":-78.5448885508096,"agency":"RPD","updated_date":1774996533860}},{"type":"Feature","id":899542,"geometry":{"type":"Point","coordinates":[-78.5448885508096,35.7954008776372]},"properties":{"OBJECTID":899542,"GlobalID":"defe7e9d-3092-4edb-a195-f08d294a6b26","case_number":"P26015584","crime_category":"VANDALISM","crime_code":"80B","crime_description":"All Other/Damage to Property (minor)","crime_type":"NULL","reported_block_address":"1900 BLOCK SERENADE CIR","city_of_incident":"RALEIGH","city":"RALEIGH","district":"Southeast","reported_date":1774433100000,"reported_year":2026,"reported_month":3,"reported_day":25,"reported_hour":6,"reported_dayofwk":"Wednesday","latitude":35.7954008776372,"longitude":-78.5448885508096,"agency":"RPD","updated_date":1774996533860}},{"type":"Feature","id":899543,"geometry":{"type":"Point","coordinates":[-78.6124842452009,35.7542583450556]},"properties":{"OBJECTID":899543,"GlobalID":"ab1f0a85-6094-4e1e-b31f-665e63d5af3f","case_number":"P26015640","crime_category":"DISORDERLY CONDUCT","crime_code":"70E","crime_description":"Disorderly Conduct/Resist-Delay-Obstruct Officer","crime_type":"CRIMES AGAINST SOCIETY","reported_block_address":"1900 BLOCK ROCK QUARRY RD","city_of_incident":"RALEIGH","city":"RALEIGH","district":"Southeast","reported_date":1774451280000,"reported_year":2026,"reported_month":3,"reported_day":25,"reported_hour":11,"reported_dayofwk":"Wednesday","latitude":35.754258345055604,"longitude":-78.612484245200875,"agency":"RPD","updated_date":1774972246130}},{"type":"Feature","id":899544,"geometry":{"type":"Point","coordinates":[-78.6310611049282,35.8074884084215]},"properties":{"OBJECTID":899544,"GlobalID":"d0d39c5b-ab05-4960-8eed-5f4adb852d01","case_number":"P26015768","crime_category":"LARCENY FROM MV","crime_code":"35F","crime_description":"Larceny/Theft from Motor Vehicle","crime_type":"CRIMES AGAINST PROPERTY","reported_block_address":"1900 BLOCK BERNARD ST","city_of_incident":"RALEIGH","city":"RALEIGH","district":"Southwest","reported_date":1774489020000,"reported_year":2026,"reported_month":3,"reported_day":25,"reported_hour":21,"reported_dayofwk":"Wednesday","latitude":35.807488408421534,"longitude":-78.6310611049282,"agency":"RPD","updated_date":1775077215397}},{"type":"Feature","id":899547,"geometry":{"type":"Point","coordinates":[-78.5597582175174,35.7549436044104]},"properties":{"OBJECTID":899547,"GlobalID":"9ff8121d-05ee-470d-ae65-11c56462b24e","case_number":"P26015615","crime_category":"LARCENY FROM MV","crime_code":"35F","crime_description":"Larceny/Theft from Motor Vehicle","crime_type":"CRIMES AGAINST PROPERTY","reported_block_address":"1800 BLOCK EVA MAE DR","city_of_incident":"RALEIGH","city":"RALEIGH","district":"Southeast","reported_date":1774445580000,"reported_year":2026,"reported_month":3,"reported_day":25,"reported_hour":9,"reported_dayofwk":"Wednesday","latitude":35.754943604410386,"longitude":-78.559758217517356,"agency":"RPD","updated_date":1775075249523}},{"type":"Feature","id":899548,"geometry":{"type":"Point","coordinates":[-78.6121908918959,35.8366621929273]},"properties":{"OBJECTID":899548,"GlobalID":"5c35d5af-182d-4825-b8a2-63a6b82f9909","case_number":"P26015648","crime_category":"LARCENY","crime_code":"35C","crime_description":"Larceny/Shoplifting","crime_type":"CRIMES AGAINST PROPERTY","reported_block_address":"1700 BLOCK NEW HOPE CHURCH RD","city_of_incident":"RALEIGH","city":"RALEIGH","district":"North","reported_date":1774455240000,"reported_year":2026,"reported_month":3,"reported_day":25,"reported_hour":12,"reported_dayofwk":"Wednesday","latitude":35.8366621929273,"longitude":-78.6121908918959,"agency":"RPD","updated_date":1774996665367}},{"type":"Feature","id":899549,"geometry":{"type":"Point","coordinates":[-78.6121908918959,35.8366621929273]},"properties":{"OBJECTID":899549,"GlobalID":"a90e7c37-ee97-4ff7-a8e8-89e3ee079c8b","case_number":"P26015662","crime_category":"ALL OTHER OFFENSES","crime_code":"80D","crime_description":"All Other/Trespassing","crime_type":"CRIMES AGAINST SOCIETY","reported_block_address":"1700 BLOCK NEW HOPE CHURCH RD","city_of_incident":"RALEIGH","city":"RALEIGH","district":"North","reported_date":1774457040000,"reported_year":2026,"reported_month":3,"reported_day":25,"reported_hour":12,"reported_dayofwk":"Wednesday","latitude":35.8366621929273,"longitude":-78.6121908918959,"agency":"RPD","updated_date":1774996756407}},{"type":"Feature","id":899550,"geometry":{"type":"Point","coordinates":[-78.6121908918959,35.8366621929273]},"properties":{"OBJECTID":899550,"GlobalID":"2b6da548-e87c-43ea-929f-f80f371f24b8","case_number":"P26015662","crime_category":"LARCENY","crime_code":"35C","crime_description":"Larceny/Shoplifting","crime_type":"CRIMES AGAINST PROPERTY","reported_block_address":"1700 BLOCK NEW HOPE CHURCH RD","city_of_incident":"RALEIGH","city":"RALEIGH","district":"North","reported_date":1774457040000,"reported_year":2026,"reported_month":3,"reported_day":25,"reported_hour":12,"reported_dayofwk":"Wednesday","latitude":35.8366621929273,"longitude":-78.6121908918959,"agency":"RPD","updated_date":1774996756407}},{"type":"Feature","id":899551,"geometry":{"type":"Point","coordinates":[-78.5553190358889,35.7573658351031]},"properties":{"OBJECTID":899551,"GlobalID":"3d7cbac2-d514-4550-b741-8f83f75bb031","case_number":"P26015581","crime_category":"MV THEFT","crime_code":"40A","crime_description":"Motor Vehicle Theft","crime_type":"CRIMES AGAINST PROPERTY","reported_block_address":"1700 BLOCK NETHERFIELD LN","city_of_incident":"RALEIGH","city":"RALEIGH","district":"Southeast","reported_date":1774431120000,"reported_year":2026,"reported_month":3,"reported_day":25,"reported_hour":5,"reported_dayofwk":"Wednesday","latitude":35.757365835103123,"longitude":-78.555319035888886,"agency":"RPD","updated_date":1777106845360}},{"type":"Feature","id":899552,"geometry":{"type":"Point","coordinates":[-78.6094817022669,35.7961698494439]},"properties":{"OBJECTID":899552,"GlobalID":"3a29ecde-02e2-4ac3-b3e2-32c9ce9422df","case_number":"P26015736","crime_category":"DRUGS","crime_code":"54C","crime_description":"Drug Violation/Felony","crime_type":"CRIMES AGAINST SOCIETY","reported_block_address":"1500 BLOCK BURGUNDY ST","city_of_incident":"RALEIGH","city":"RALEIGH","district":"Northeast","reported_date":1774479360000,"reported_year":2026,"reported_month":3,"reported_day":25,"reported_hour":18,"reported_dayofwk":"Wednesday","latitude":35.796169849443906,"longitude":-78.609481702266891,"agency":"RPD","updated_date":1774996961460}},{"type":"Feature","id":899553,"geometry":{"type":"Point","coordinates":[-78.639567782033,35.7620757541786]},"properties":{"OBJECTID":899553,"GlobalID":"ecf50cda-48ad-4969-8e10-ebc4ac59b72f","case_number":"P26015698","crime_category":"LARCENY","crime_code":"35H","crime_description":"Larceny/All Other","crime_type":"CRIMES AGAINST PROPERTY","reported_block_address":"1400 BLOCK S WILMINGTON ST","city_of_incident":"RALEIGH","city":"RALEIGH","district":"Downtown","reported_date":1774468560000,"reported_year":2026,"reported_month":3,"reported_day":25,"reported_hour":15,"reported_dayofwk":"Wednesday","latitude":35.762075754178639,"longitude":-78.639567782033041,"agency":"RPD","updated_date":1774996903983}},{"type":"Feature","id":899554,"geometry":{"type":"Point","coordinates":[-78.6620272757724,35.7412994506428]},"properties":{"OBJECTID":899554,"GlobalID":"e4448011-7ed6-4605-a52c-ce568f581222","case_number":"P26015681","crime_category":"SIMPLE ASSAULT","crime_code":"25E","crime_description":"Assault/Simple","crime_type":"CRIMES AGAINST PERSONS","reported_block_address":"1400 BLOCK PITCHING WEDGE DR","city_of_incident":"RALEIGH","city":"RALEIGH","district":"Southwest","reported_date":1774464660000,"reported_year":2026,"reported_month":3,"reported_day":25,"reported_hour":14,"reported_dayofwk":"Wednesday","latitude":35.741299450642792,"longitude":-78.662027275772417,"agency":"RPD","updated_date":1775328916687}},{"type":"Feature","id":899555,"geometry":{"type":"Point","coordinates":[-78.7211328355794,35.9074144686135]},"properties":{"OBJECTID":899555,"GlobalID":"29d8dfa8-7720-4497-ac83-b9bd26946014","case_number":"P26015590","crime_category":"INTIMIDATION","crime_code":"25F","crime_description":"Assault/Intimidation-Communicating Threats","crime_type":"CRIMES AGAINST PERSONS","reported_block_address":"13000 BLOCK BAYBRIAR DR","city_of_incident":"RALEIGH","city":"RALEIGH","district":"Northwest","reported_date":1774436520000,"reported_year":2026,"reported_month":3,"reported_day":25,"reported_hour":7,"reported_dayofwk":"Wednesday","latitude":35.907414468613467,"longitude":-78.721132835579425,"agency":"RPD","updated_date":1775758945323}},{"type":"Feature","id":899556,"geometry":{"type":"Point","coordinates":[-78.6081741256175,35.7990064943725]},"properties":{"OBJECTID":899556,"GlobalID":"d0328140-bb96-4d76-9615-d8cfba3e228d","case_number":"P26015667","crime_category":"SIMPLE ASSAULT","crime_code":"25E","crime_description":"Assault/Simple","crime_type":"CRIMES AGAINST PERSONS","reported_block_address":"1300 BLOCK PARK GLEN DR","city_of_incident":"RALEIGH","city":"RALEIGH","district":"Northeast","reported_date":1774461600000,"reported_year":2026,"reported_month":3,"reported_day":25,"reported_hour":14,"reported_dayofwk":"Wednesday","latitude":35.799006494372527,"longitude":-78.608174125617452,"agency":"RPD","updated_date":1774996820887}},{"type":"Feature","id":899557,"geometry":{"type":"Point","coordinates":[-78.5486144354539,35.7939740405975]},"properties":{"OBJECTID":899557,"GlobalID":"099162cd-d1eb-4e28-bd1e-61759895436f","case_number":"P26015578","crime_category":"LARCENY FROM MV","crime_code":"35F","crime_description":"Larceny/Theft from Motor Vehicle","crime_type":"CRIMES AGAINST PROPERTY","reported_block_address":"1100 BLOCK N ROGERS LN","city_of_incident":"RALEIGH","city":"RALEIGH","district":"Southeast","reported_date":1774427160000,"reported_year":2026,"reported_month":3,"reported_day":25,"reported_hour":4,"reported_dayofwk":"Wednesday","latitude":35.793974040597533,"longitude":-78.548614435453928,"agency":"RPD","updated_date":1777106189763}},{"type":"Feature","id":899558,"geometry":{"type":"Point","coordinates":[-78.5486144354539,35.7939740405975]},"properties":{"OBJECTID":899558,"GlobalID":"25131ce8-aedd-4bd6-8610-639751cefac7","case_number":"P26015578","crime_category":"VANDALISM","crime_code":"80B","crime_description":"All Other/Damage to Property (minor)","crime_type":"NULL","reported_block_address":"1100 BLOCK N ROGERS LN","city_of_incident":"RALEIGH","city":"RALEIGH","district":"Southeast","reported_date":1774427160000,"reported_year":2026,"reported_month":3,"reported_day":25,"reported_hour":4,"reported_dayofwk":"Wednesday","latitude":35.793974040597533,"longitude":-78.548614435453928,"agency":"RPD","updated_date":1777106189763}},{"type":"Feature","id":899559,"geometry":{"type":"Point","coordinates":[-78.7283813995713,35.9093563363529]},"properties":{"OBJECTID":899559,"GlobalID":"e7fabcd3-7ca4-4ade-ac42-0f44391d39bb","case_number":"P26015725","crime_category":"INTIMIDATION","crime_code":"25F","crime_description":"Assault/Intimidation-Communicating Threats","crime_type":"CRIMES AGAINST PERSONS","reported_block_address":"10100 BLOCK LEESVILLE RD","city_of_incident":"RALEIGH","city":"RALEIGH","district":"Northwest","reported_date":1774475040000,"reported_year":2026,"reported_month":3,"reported_day":25,"reported_hour":17,"reported_dayofwk":"Wednesday","latitude":35.909356336352893,"longitude":-78.728381399571347,"agency":"RPD","updated_date":1775156633620}},{"type":"Feature","id":899560,"geometry":{"type":"Point","coordinates":[-78.7283813995713,35.9093563363529]},"properties":{"OBJECTID":899560,"GlobalID":"18ed4740-0fc9-434c-975a-8af7f19728a4","case_number":"P26015725","crime_category":"LARCENY","crime_code":"35C","crime_description":"Larceny/Shoplifting","crime_type":"CRIMES AGAINST PROPERTY","reported_block_address":"10100 BLOCK LEESVILLE RD","city_of_incident":"RALEIGH","city":"RALEIGH","district":"Northwest","reported_date":1774475040000,"reported_year":2026,"reported_month":3,"reported_day":25,"reported_hour":17,"reported_dayofwk":"Wednesday","latitude":35.909356336352893,"longitude":-78.728381399571347,"agency":"RPD","updated_date":1775156633620}},{"type":"Feature","id":899561,"geometry":{"type":"Point","coordinates":[-78.7774750464345,35.9096029098682]},"properties":{"OBJECTID":899561,"GlobalID":"390b4f7f-84fc-47ef-8a5f-ec4bd0ee9c5f","case_number":"P26015699","crime_category":"LARCENY","crime_code":"35C","crime_description":"Larceny/Shoplifting","crime_type":"CRIMES AGAINST PROPERTY","reported_block_address":"10000 BLOCK GLENWOOD AVE","city_of_incident":"RALEIGH","city":"RALEIGH","district":"Northwest","reported_date":1774469400000,"reported_year":2026,"reported_month":3,"reported_day":25,"reported_hour":16,"reported_dayofwk":"Wednesday","latitude":35.909602909868234,"longitude":-78.777475046434546,"agency":"RPD","updated_date":1775157301353}},{"type":"Feature","id":899562,"geometry":{"type":"Point","coordinates":[-78.5497403275063,35.7919669825407]},"properties":{"OBJECTID":899562,"GlobalID":"a90993e0-8488-4f89-9be8-f8286e455eda","case_number":"P26015745","crime_category":"FRAUD","crime_code":"56A","crime_description":"Fraud/False Pretense or Swindle","crime_type":"CRIMES AGAINST PROPERTY","reported_block_address":"1000 BLOCK N ROGERS LN","city_of_incident":"RALEIGH","city":"RALEIGH","district":"Southeast","reported_date":1774474620000,"reported_year":2026,"reported_month":3,"reported_day":25,"reported_hour":17,"reported_dayofwk":"Wednesday","latitude":35.791966982540707,"longitude":-78.549740327506271,"agency":"RPD","updated_date":1774996979817}},{"type":"Feature","id":899563,"geometry":{"type":"Point","coordinates":[-78.6225365780978,35.7751565601679]},"properties":{"OBJECTID":899563,"GlobalID":"d386f7a4-b8f8-4b28-81cc-5c7c53deefb4","case_number":"P26015634","crime_category":"SIMPLE ASSAULT","crime_code":"25E","crime_description":"Assault/Simple","crime_type":"CRIMES AGAINST PERSONS","reported_block_address":"1000 BLOCK E DAVIE ST","city_of_incident":"RALEIGH","city":"RALEIGH","district":"Downtown","reported_date":1774447020000,"reported_year":2026,"reported_month":3,"reported_day":25,"reported_hour":9,"reported_dayofwk":"Wednesday","latitude":35.775156560167858,"longitude":-78.622536578097751,"agency":"RPD","updated_date":1774996656943}},{"type":"Feature","id":899564,"geometry":{"type":"Point","coordinates":[-78.7085311110086,35.8593076154884]},"properties":{"OBJECTID":899564,"GlobalID":"fbfbaea5-e04f-4d9e-bc75-7527c21c5c76","case_number":"P26015624","crime_category":"VANDALISM","crime_code":"80B","crime_description":"All Other/Damage to Property (minor)","crime_type":"NULL","reported_block_address":"4300 BLOCK PLEASANT VALLEY RD","city_of_incident":"RALEIGH","city":"RALEIGH","district":"Northwest","reported_date":1774446660000,"reported_year":2026,"reported_month":3,"reported_day":25,"reported_hour":9,"reported_dayofwk":"Wednesday","latitude":35.85930761548839,"longitude":-78.708531111008625,"agency":"RPD","updated_date":1775075327210}},{"type":"Feature","id":899565,"geometry":{"type":"Point","coordinates":[-78.7085311110086,35.8593076154884]},"properties":{"OBJECTID":899565,"GlobalID":"9c7a2c8f-957e-40d6-8510-8190be6b0fae","case_number":"P26015624","crime_category":"WEAPONS VIOLATION","crime_code":"51C","crime_description":"Weapons/Shots Fired (with evidence)","crime_type":"CRIMES AGAINST SOCIETY","reported_block_address":"4300 BLOCK PLEASANT VALLEY RD","city_of_incident":"RALEIGH","city":"RALEIGH","district":"Northwest","reported_date":1774446660000,"reported_year":2026,"reported_month":3,"reported_day":25,"reported_hour":9,"reported_dayofwk":"Wednesday","latitude":35.85930761548839,"longitude":-78.708531111008625,"agency":"RPD","updated_date":1775075327210}},{"type":"Feature","id":899566,"geometry":{"type":"Point","coordinates":[-78.6765468043271,35.8396349113058]},"properties":{"OBJECTID":899566,"GlobalID":"16e36316-c0dd-4380-953c-98e4f33d354d","case_number":"P26015685","crime_category":"LARCENY","crime_code":"35C","crime_description":"Larceny/Shoplifting","crime_type":"CRIMES AGAINST PROPERTY","reported_block_address":"4300 BLOCK GLENWOOD AVE","city_of_incident":"RALEIGH","city":"RALEIGH","district":"Northwest","reported_date":1774466880000,"reported_year":2026,"reported_month":3,"reported_day":25,"reported_hour":15,"reported_dayofwk":"Wednesday","latitude":35.839634911305822,"longitude":-78.676546804327117,"agency":"RPD","updated_date":1775152845497}},{"type":"Feature","id":899567,"geometry":{"type":"Point","coordinates":[-78.6425505453193,35.8356053602427]},"properties":{"OBJECTID":899567,"GlobalID":"bd10ffa7-7076-4b18-af64-808a4031fd29","case_number":"P26015585","crime_category":"LARCENY FROM MV","crime_code":"35G","crime_description":"Larceny/Theft of MV Parts-Accessories","crime_type":"CRIMES AGAINST PROPERTY","reported_block_address":"4191 THE CIR  &  NORTH HILLS ST","city_of_incident":"RALEIGH","city":"RALEIGH","district":"North","reported_date":1774435800000,"reported_year":2026,"reported_month":3,"reported_day":25,"reported_hour":6,"reported_dayofwk":"Wednesday","latitude":35.835605360242745,"longitude":-78.642550545319253,"agency":"RPD","updated_date":1774996535737}},{"type":"Feature","id":899568,"geometry":{"type":"Point","coordinates":[-78.6438670781415,35.8363355135667]},"properties":{"OBJECTID":899568,"GlobalID":"18cda408-541d-42a7-95f8-49222dd2ebd6","case_number":"P26015580","crime_category":"LARCENY","crime_code":"35C","crime_description":"Larceny/Shoplifting","crime_type":"CRIMES AGAINST PROPERTY","reported_block_address":"4120 MAIN  &  NORTH HILLS ST","city_of_incident":"RALEIGH","city":"Raleigh","district":"North","reported_date":1774431060000,"reported_year":2026,"reported_month":3,"reported_day":25,"reported_hour":5,"reported_dayofwk":"Wednesday","latitude":35.836335513566695,"longitude":-78.643867078141454,"agency":"RPD","updated_date":1774996467533}},{"type":"Feature","id":899570,"geometry":{"type":"Point","coordinates":[-78.7095432299889,35.8532018299189]},"properties":{"OBJECTID":899570,"GlobalID":"9a59d0b4-00b7-497e-9863-d36489ce128e","case_number":"P26015630","crime_category":"WEAPONS VIOLATION","crime_code":"51C","crime_description":"Weapons/Shots Fired (with evidence)","crime_type":"CRIMES AGAINST SOCIETY","reported_block_address":"4100 BLOCK DEEP HOLLOW DR","city_of_incident":"RALEIGH","city":"RALEIGH","district":"Northwest","reported_date":1774447800000,"reported_year":2026,"reported_month":3,"reported_day":25,"reported_hour":10,"reported_dayofwk":"Wednesday","latitude":35.853201829918937,"longitude":-78.709543229988924,"agency":"RPD","updated_date":1774996650093}},{"type":"Feature","id":899571,"geometry":{"type":"Point","coordinates":[-78.6276855668648,35.8626933494055]},"properties":{"OBJECTID":899571,"GlobalID":"04087324-6098-4e43-a883-c96f8fab54eb","case_number":"P26015730","crime_category":"SIMPLE ASSAULT","crime_code":"25E","crime_description":"Assault/Simple","crime_type":"CRIMES AGAINST PERSONS","reported_block_address":"400 BLOCK WOODS OF NORTH BEND DR","city_of_incident":"RALEIGH","city":"RALEIGH","district":"North","reported_date":1774477860000,"reported_year":2026,"reported_month":3,"reported_day":25,"reported_hour":18,"reported_dayofwk":"Wednesday","latitude":35.862693349405504,"longitude":-78.627685566864784,"agency":"RPD","updated_date":1774996952073}},{"type":"Feature","id":899572,"geometry":{"type":"Point","coordinates":[-78.6459071637788,35.7771383777476]},"properties":{"OBJECTID":899572,"GlobalID":"e3c55e60-69eb-41d8-b79b-6c1513e6d9f5","case_number":"P26015588","crime_category":"LARCENY","crime_code":"35H","crime_description":"Larceny/All Other","crime_type":"CRIMES AGAINST PROPERTY","reported_block_address":"400 BLOCK WEST MARTIN ST","city_of_incident":"RALEIGH","city":"RALEIGH","district":"Downtown","reported_date":1774436220000,"reported_year":2026,"reported_month":3,"reported_day":25,"reported_hour":6,"reported_dayofwk":"Wednesday","latitude":35.777138377747576,"longitude":-78.645907163778773,"agency":"RPD","updated_date":1774996614067}},{"type":"Feature","id":899573,"geometry":{"type":"Point","coordinates":[-78.6406397257218,35.8487949663644]},"properties":{"OBJECTID":899573,"GlobalID":"e88533ad-398c-4eb1-8f84-87b2d119fc16","case_number":"P26015586","crime_category":"FRAUD","crime_code":"56A","crime_description":"Fraud/False Pretense or Swindle","crime_type":"CRIMES AGAINST PROPERTY","reported_block_address":"400 BLOCK NORTH GLEN DR","city_of_incident":"RALEIGH","city":"RALEIGH","district":"North","reported_date":1774435920000,"reported_year":2026,"reported_month":3,"reported_day":25,"reported_hour":6,"reported_dayofwk":"Wednesday","latitude":35.848794966364444,"longitude":-78.640639725721755,"agency":"RPD","updated_date":1774996538690}},{"type":"Feature","id":899575,"geometry":{"type":"Point","coordinates":[-78.5758194728165,35.797896968192]},"properties":{"OBJECTID":899575,"GlobalID":"618e2917-5f45-4fb1-9990-7d1b52e641f2","case_number":"P26015674","crime_category":"DRUGS","crime_code":"54D","crime_description":"Drug Violation/Misdemeanor","crime_type":"CRIMES AGAINST SOCIETY","reported_block_address":"3800 BLOCK NEW BERN AVE","city_of_incident":"RALEIGH","city":"RALEIGH","district":"Southeast","reported_date":1774465380000,"reported_year":2026,"reported_month":3,"reported_day":25,"reported_hour":15,"reported_dayofwk":"Wednesday","latitude":35.797896968192,"longitude":-78.575819472816519,"agency":"RPD","updated_date":1774996823980}},{"type":"Feature","id":899576,"geometry":{"type":"Point","coordinates":[-78.5758194728165,35.797896968192]},"properties":{"OBJECTID":899576,"GlobalID":"68361878-50f8-4be1-99fb-cbd1489f220b","case_number":"P26015674","crime_category":"WEAPONS VIOLATION","crime_code":"51D","crime_description":"Weapons/All Other","crime_type":"CRIMES AGAINST SOCIETY","reported_block_address":"3800 BLOCK NEW BERN AVE","city_of_incident":"RALEIGH","city":"RALEIGH","district":"Southeast","reported_date":1774465380000,"reported_year":2026,"reported_month":3,"reported_day":25,"reported_hour":15,"reported_dayofwk":"Wednesday","latitude":35.797896968192,"longitude":-78.575819472816519,"agency":"RPD","updated_date":1774996823980}},{"type":"Feature","id":899577,"geometry":{"type":"Point","coordinates":[-78.6330153801677,35.8282158583654]},"properties":{"OBJECTID":899577,"GlobalID":"f14216f4-97a1-40d4-8836-ebb2c505a003","case_number":"P26015753","crime_category":"LARCENY FROM MV","crime_code":"35F","crime_description":"Larceny/Theft from Motor Vehicle","crime_type":"CRIMES AGAINST PROPERTY","reported_block_address":"3800 BLOCK BARRETT DR","city_of_incident":"RALEIGH","city":"RALEIGH","district":"Southwest","reported_date":1774480200000,"reported_year":2026,"reported_month":3,"reported_day":25,"reported_hour":19,"reported_dayofwk":"Wednesday","latitude":35.828215858365425,"longitude":-78.6330153801677,"agency":"RPD","updated_date":1775149382410}},{"type":"Feature","id":899578,"geometry":{"type":"Point","coordinates":[-78.6665319354817,35.8282934127003]},"properties":{"OBJECTID":899578,"GlobalID":"bf97d734-8872-4150-b8da-5db5cbc2eb5b","case_number":"P26015755","crime_category":"LARCENY FROM MV","crime_code":"35F","crime_description":"Larceny/Theft from Motor Vehicle","crime_type":"CRIMES AGAINST PROPERTY","reported_block_address":"3600 BLOCK GLENWOOD AVE","city_of_incident":"RALEIGH","city":"RALEIGH","district":"Southwest","reported_date":1774475040000,"reported_year":2026,"reported_month":3,"reported_day":25,"reported_hour":17,"reported_dayofwk":"Wednesday","latitude":35.828293412700319,"longitude":-78.666531935481672,"agency":"RPD","updated_date":1774996988550}},{"type":"Feature","id":899579,"geometry":{"type":"Point","coordinates":[-78.6665319354817,35.8282934127003]},"properties":{"OBJECTID":899579,"GlobalID":"9bc5aa9a-896c-4138-8bbf-a7c4e6ba0dac","case_number":"P26015755","crime_category":"VANDALISM","crime_code":"80B","crime_description":"All Other/Damage to Property (minor)","crime_type":"NULL","reported_block_address":"3600 BLOCK GLENWOOD AVE","city_of_incident":"RALEIGH","city":"RALEIGH","district":"Southwest","reported_date":1774475040000,"reported_year":2026,"reported_month":3,"reported_day":25,"reported_hour":17,"reported_dayofwk":"Wednesday","latitude":35.828293412700319,"longitude":-78.666531935481672,"agency":"RPD","updated_date":1774996988550}},{"type":"Feature","id":899580,"geometry":{"type":"Point","coordinates":[-78.5952765581372,35.8309801787453]},"properties":{"OBJECTID":899580,"GlobalID":"737189ac-8976-4872-b708-6ceee5378e59","case_number":"P26015652","crime_category":"MV THEFT","crime_code":"40A","crime_description":"Motor Vehicle Theft","crime_type":"CRIMES AGAINST PROPERTY","reported_block_address":"3600 BLOCK ALLENDALE DR","city_of_incident":"RALEIGH","city":"RALEIGH","district":"Northeast","reported_date":1774452180000,"reported_year":2026,"reported_month":3,"reported_day":25,"reported_hour":11,"reported_dayofwk":"Wednesday","latitude":35.830980178745342,"longitude":-78.595276558137158,"agency":"RPD","updated_date":1774996668270}},{"type":"Feature","id":899581,"geometry":{"type":"Point","coordinates":[-78.5334217410007,35.7303989106703]},"properties":{"OBJECTID":899581,"GlobalID":"5dfc6142-d2de-4735-89da-1619b2f8faf7","case_number":"P26015719","crime_category":"LARCENY FROM MV","crime_code":"35F","crime_description":"Larceny/Theft from Motor Vehicle","crime_type":"CRIMES AGAINST PROPERTY","reported_block_address":"3500 BLOCK MACKINAC ISLAND LN","city_of_incident":"RALEIGH","city":"RALEIGH","district":"Southeast","reported_date":1774475220000,"reported_year":2026,"reported_month":3,"reported_day":25,"reported_hour":17,"reported_dayofwk":"Wednesday","latitude":35.730398910670274,"longitude":-78.533421741000737,"agency":"RPD","updated_date":1774996941233}},{"type":"Feature","id":899582,"geometry":{"type":"Point","coordinates":[-78.5334217410007,35.7303989106703]},"properties":{"OBJECTID":899582,"GlobalID":"4113ebb2-0c8d-4e19-8c6f-9b8ee08eace9","case_number":"P26015719","crime_category":"VANDALISM","crime_code":"80B","crime_description":"All Other/Damage to Property (minor)","crime_type":"NULL","reported_block_address":"3500 BLOCK MACKINAC ISLAND LN","city_of_incident":"RALEIGH","city":"RALEIGH","district":"Southeast","reported_date":1774475220000,"reported_year":2026,"reported_month":3,"reported_day":25,"reported_hour":17,"reported_dayofwk":"Wednesday","latitude":35.730398910670274,"longitude":-78.533421741000737,"agency":"RPD","updated_date":1774996941233}},{"type":"Feature","id":899583,"geometry":{"type":"Point","coordinates":[-78.749119300716,35.8827131328407]},"properties":{"OBJECTID":899583,"GlobalID":"7525b86f-5853-4fc6-9c7d-098f865b590f","case_number":"P26015653","crime_category":"ALL OTHER OFFENSES","crime_code":"80F","crime_description":"All Other/Harassing Telephone Calls","crime_type":"NULL","reported_block_address":"3300 BLOCK GLEN ROYAL RD","city_of_incident":"RALEIGH","city":"RALEIGH","district":"Northwest","reported_date":1774455000000,"reported_year":2026,"reported_month":3,"reported_day":25,"reported_hour":12,"reported_dayofwk":"Wednesday","latitude":35.882713132840756,"longitude":-78.749119300716032,"agency":"RPD","updated_date":1775144718000}},{"type":"Feature","id":899584,"geometry":{"type":"Point","coordinates":[-78.6211166169592,35.8258803793989]},"properties":{"OBJECTID":899584,"GlobalID":"b3206102-bd7f-4c55-8931-a51b44be0a7d","case_number":"P26015751","crime_category":"MV THEFT","crime_code":"40A","crime_description":"Motor Vehicle Theft","crime_type":"CRIMES AGAINST PROPERTY","reported_block_address":"3200 BLOCK WAKE FOREST RD","city_of_incident":"RALEIGH","city":"RALEIGH","district":"North","reported_date":1774472940000,"reported_year":2026,"reported_month":3,"reported_day":25,"reported_hour":17,"reported_dayofwk":"Wednesday","latitude":35.825880379398889,"longitude":-78.6211166169592,"agency":"RPD","updated_date":1774996982507}},{"type":"Feature","id":899588,"geometry":{"type":"Point","coordinates":[-78.634326478038,35.7802477460657]},"properties":{"OBJECTID":899588,"GlobalID":"c63ad4f5-f503-43ee-bf3c-efb1637a2abc","case_number":"P26015623","crime_category":"ALL OTHER OFFENSES","crime_code":"80A","crime_description":"All Other/All Other Offenses","crime_type":"NULL","reported_block_address":"300 BLOCK NEW BERN AVE","city_of_incident":"RALEIGH","city":"RALEIGH","district":"Downtown","reported_date":1774442220000,"reported_year":2026,"reported_month":3,"reported_day":25,"reported_hour":8,"reported_dayofwk":"Wednesday","latitude":35.78024774606574,"longitude":-78.634326478038048,"agency":"RPD","updated_date":1774972241447}},{"type":"Feature","id":899589,"geometry":{"type":"Point","coordinates":[-78.600739298677,35.7472581018265]},"properties":{"OBJECTID":899589,"GlobalID":"4beb0df9-6b45-4be6-bb35-b15752df3aea","case_number":"P26015770","crime_category":"WEAPONS VIOLATION","crime_code":"51B","crime_description":"Weapons/Illegal Possession of Weapon","crime_type":"CRIMES AGAINST SOCIETY","reported_block_address":"2800 BLOCK ROCK QUARRY RD","city_of_incident":"RALEIGH","city":"RALEIGH","district":"Southeast","reported_date":1774492800000,"reported_year":2026,"reported_month":3,"reported_day":25,"reported_hour":22,"reported_dayofwk":"Wednesday","latitude":35.747258101826517,"longitude":-78.600739298677013,"agency":"RPD","updated_date":1774997004100}},{"type":"Feature","id":899590,"geometry":{"type":"Point","coordinates":[-78.6160127983002,35.7418542067257]},"properties":{"OBJECTID":899590,"GlobalID":"f374576f-614d-4314-8a68-84ef79bb2db8","case_number":"P26015645","crime_category":"FRAUD","crime_code":"56C","crime_description":"Fraud/ID Theft","crime_type":"CRIMES AGAINST PROPERTY","reported_block_address":"2800 BLOCK QUINCE DR","city_of_incident":"RALEIGH","city":"RALEIGH","district":"Southeast","reported_date":1774455720000,"reported_year":2026,"reported_month":3,"reported_day":25,"reported_hour":12,"reported_dayofwk":"Wednesday","latitude":35.741854206725677,"longitude":-78.616012798300218,"agency":"RPD","updated_date":1774996662130}},{"type":"Feature","id":899591,"geometry":{"type":"Point","coordinates":[-78.6445846595164,35.7468110882462]},"properties":{"OBJECTID":899591,"GlobalID":"c2ed7ce7-e310-4399-a543-2c44bd0d2049","case_number":"P26015658","crime_category":"DRUGS","crime_code":"54C","crime_description":"Drug Violation/Felony","crime_type":"CRIMES AGAINST SOCIETY","reported_block_address":"2700 BLOCK S WILMINGTON ST","city_of_incident":"RALEIGH","city":"RALEIGH","district":"Southeast","reported_date":1774459500000,"reported_year":2026,"reported_month":3,"reported_day":25,"reported_hour":13,"reported_dayofwk":"Wednesday","latitude":35.746811088246169,"longitude":-78.644584659516354,"agency":"RPD","updated_date":1776172756417}},{"type":"Feature","id":899594,"geometry":{"type":"Point","coordinates":[-78.6652991258806,35.7895136158867]},"properties":{"OBJECTID":899594,"GlobalID":"f100dbda-7d77-4f28-aa43-5a3a39d4d445","case_number":"P26015603","crime_category":"ALL OTHER OFFENSES","crime_code":"80A","crime_description":"All Other/All Other Offenses","crime_type":"NULL","reported_block_address":"2300 BLOCK CLARK AV","city_of_incident":"RALEIGH","city":"RALEIGH","district":"Southwest","reported_date":1774441140000,"reported_year":2026,"reported_month":3,"reported_day":25,"reported_hour":8,"reported_dayofwk":"Wednesday","latitude":35.789513615886733,"longitude":-78.665299125880651,"agency":"RPD","updated_date":1775082363080}},{"type":"Feature","id":899596,"geometry":{"type":"Point","coordinates":[-78.6755275504704,35.8429664796802]},"properties":{"OBJECTID":899596,"GlobalID":"5db2dc12-4f41-46eb-b19f-532fac324a7b","case_number":"P26015631","crime_category":"ALL OTHER OFFENSES","crime_code":"80D","crime_description":"All Other/Trespassing","crime_type":"CRIMES AGAINST SOCIETY","reported_block_address":"2200 BLOCK CHARLES DR","city_of_incident":"RALEIGH","city":"RALEIGH","district":"Northwest","reported_date":1774445520000,"reported_year":2026,"reported_month":3,"reported_day":25,"reported_hour":9,"reported_dayofwk":"Wednesday","latitude":35.842966479680207,"longitude":-78.675527550470434,"agency":"RPD","updated_date":1774996653300}},{"type":"Feature","id":899597,"geometry":{"type":"Point","coordinates":[-78.6755275504704,35.8429664796802]},"properties":{"OBJECTID":899597,"GlobalID":"e1913000-6cd2-44b6-a535-8b351ca5faa1","case_number":"P26015631","crime_category":"DRUG VIOLATIONS","crime_code":"54Z","crime_description":"Drug Equipment/Paraphernalia","crime_type":"CRIMES AGAINST SOCIETY","reported_block_address":"2200 BLOCK CHARLES DR","city_of_incident":"RALEIGH","city":"RALEIGH","district":"Northwest","reported_date":1774445520000,"reported_year":2026,"reported_month":3,"reported_day":25,"reported_hour":9,"reported_dayofwk":"Wednesday","latitude":35.842966479680207,"longitude":-78.675527550470434,"agency":"RPD","updated_date":1774996653300}},{"type":"Feature","id":899598,"geometry":{"type":"Point","coordinates":[-78.6755275504704,35.8429664796802]},"properties":{"OBJECTID":899598,"GlobalID":"8e8e8213-bfd9-4323-a9ce-6cb5f2947154","case_number":"P26015631","crime_category":"DRUGS","crime_code":"54C","crime_description":"Drug Violation/Felony","crime_type":"CRIMES AGAINST SOCIETY","reported_block_address":"2200 BLOCK CHARLES DR","city_of_incident":"RALEIGH","city":"RALEIGH","district":"Northwest","reported_date":1774445520000,"reported_year":2026,"reported_month":3,"reported_day":25,"reported_hour":9,"reported_dayofwk":"Wednesday","latitude":35.842966479680207,"longitude":-78.675527550470434,"agency":"RPD","updated_date":1774996653300}},{"type":"Feature","id":899599,"geometry":{"type":"Point","coordinates":[-78.6035702052759,35.8751508435139]},"properties":{"OBJECTID":899599,"GlobalID":"5ded082a-6a5a-4588-8fc9-309d0d2097f6","case_number":"P26015635","crime_category":"LARCENY","crime_code":"35H","crime_description":"Larceny/All Other","crime_type":"CRIMES AGAINST PROPERTY","reported_block_address":"2100 BLOCK WEYBRIDGE DR","city_of_incident":"RALEIGH","city":"RALEIGH","district":"North","reported_date":1774450380000,"reported_year":2026,"reported_month":3,"reported_day":25,"reported_hour":10,"reported_dayofwk":"Wednesday","latitude":35.875150843513914,"longitude":-78.603570205275886,"agency":"RPD","updated_date":1774996659363}},{"type":"Feature","id":899600,"geometry":{"type":"Point","coordinates":[-78.6746565110327,35.8491375704051]},"properties":{"OBJECTID":899600,"GlobalID":"639dd24d-7be5-4e4c-93e7-1d4f180b7106","case_number":"P26015660","crime_category":"BURGLARY/COMMERCIAL","crime_code":"30A","crime_description":"Burglary/Commercial or Non-Residential","crime_type":"CRIMES AGAINST PROPERTY","reported_block_address":"2100 BLOCK RAVENGLASS PL","city_of_incident":"RALEIGH","city":"RALEIGH","district":"North","reported_date":1774455840000,"reported_year":2026,"reported_month":3,"reported_day":25,"reported_hour":12,"reported_dayofwk":"Wednesday","latitude":35.849137570405119,"longitude":-78.6746565110327,"agency":"RPD","updated_date":1775679430790}},{"type":"Feature","id":899601,"geometry":{"type":"Point","coordinates":[-78.6746565110327,35.8491375704051]},"properties":{"OBJECTID":899601,"GlobalID":"0071f746-4ff9-4c62-a892-0129e628d0e5","case_number":"P26015660","crime_category":"VANDALISM","crime_code":"80B","crime_description":"All Other/Damage to Property (minor)","crime_type":"NULL","reported_block_address":"2100 BLOCK RAVENGLASS PL","city_of_incident":"RALEIGH","city":"RALEIGH","district":"North","reported_date":1774455840000,"reported_year":2026,"reported_month":3,"reported_day":25,"reported_hour":12,"reported_dayofwk":"Wednesday","latitude":35.849137570405119,"longitude":-78.6746565110327,"agency":"RPD","updated_date":1775679430790}},{"type":"Feature","id":899602,"geometry":{"type":"Point","coordinates":[-78.6447291241791,35.8562202730338]},"properties":{"OBJECTID":899602,"GlobalID":"d231112a-a82f-4fa6-a6cb-0bf8e2f47a8b","case_number":"P26015612","crime_category":"SIMPLE ASSAULT","crime_code":"25E","crime_description":"Assault/Simple","crime_type":"CRIMES AGAINST PERSONS","reported_block_address":"200 BLOCK W MILLBROOK RD","city_of_incident":"RALEIGH","city":"RALEIGH","district":"North","reported_date":1774443420000,"reported_year":2026,"reported_month":3,"reported_day":25,"reported_hour":8,"reported_dayofwk":"Wednesday","latitude":35.856220273033848,"longitude":-78.644729124179079,"agency":"RPD","updated_date":1775770999017}},{"type":"Feature","id":899603,"geometry":{"type":"Point","coordinates":[-78.6418927528395,35.7770061418218]},"properties":{"OBJECTID":899603,"GlobalID":"ed68a2e2-84e5-44ff-8f1f-93119587ef99","case_number":"P26015705","crime_category":"AGGRAVATED ASSAULT","crime_code":"25G","crime_description":"Assault/Aggravated","crime_type":"CRIMES AGAINST PERSONS","reported_block_address":"200 BLOCK W MARTIN ST","city_of_incident":"RALEIGH","city":"RALEIGH","district":"Downtown","reported_date":1774465200000,"reported_year":2026,"reported_month":3,"reported_day":25,"reported_hour":15,"reported_dayofwk":"Wednesday","latitude":35.777006141821829,"longitude":-78.641892752839482,"agency":"RPD","updated_date":1775879554560}},{"type":"Feature","id":899604,"geometry":{"type":"Point","coordinates":[-78.6431775045032,35.7743944940444]},"properties":{"OBJECTID":899604,"GlobalID":"513a547f-2a8e-4022-a911-bd87e4549707","case_number":"P26015654","crime_category":"DRUGS","crime_code":"54C","crime_description":"Drug Violation/Felony","crime_type":"CRIMES AGAINST SOCIETY","reported_block_address":"200 BLOCK W CABARRUS ST","city_of_incident":"RALEIGH","city":"RALEIGH","district":"Downtown","reported_date":1774458240000,"reported_year":2026,"reported_month":3,"reported_day":25,"reported_hour":13,"reported_dayofwk":"Wednesday","latitude":35.774394494044351,"longitude":-78.643177504503186,"agency":"RPD","updated_date":1776886288823}},{"type":"Feature","id":899605,"geometry":{"type":"Point","coordinates":[-78.6382599759164,35.7775646506355]},"properties":{"OBJECTID":899605,"GlobalID":"b8e86372-1330-4f0a-a648-48453a57de95","case_number":"P26015764","crime_category":"LARCENY","crime_code":"35H","crime_description":"Larceny/All Other","crime_type":"CRIMES AGAINST PROPERTY","reported_block_address":"200 BLOCK S WILMINGTON ST","city_of_incident":"RALEIGH","city":"RALEIGH","district":"Downtown","reported_date":1774490220000,"reported_year":2026,"reported_month":3,"reported_day":25,"reported_hour":21,"reported_dayofwk":"Wednesday","latitude":35.777564650635547,"longitude":-78.6382599759164,"agency":"RPD","updated_date":1774996998350}},{"type":"Feature","id":899606,"geometry":{"type":"Point","coordinates":[-78.6613188712033,35.7859656099347]},"properties":{"OBJECTID":899606,"GlobalID":"9ec695bb-e2b7-49bf-8190-208463507c28","case_number":"P26015655","crime_category":"LARCENY","crime_code":"35D","crime_description":"Larceny/Theft from Building","crime_type":"CRIMES AGAINST PROPERTY","reported_block_address":"100 BLOCK OBERLIN RD","city_of_incident":"RALEIGH","city":"RALEIGH","district":"Southwest","reported_date":1774456380000,"reported_year":2026,"reported_month":3,"reported_day":25,"reported_hour":12,"reported_dayofwk":"Wednesday","latitude":35.7859656099347,"longitude":-78.661318871203264,"agency":"RPD","updated_date":1775155195970}},{"type":"Feature","id":899607,"geometry":{"type":"Point","coordinates":[-78.6382492665902,35.7721271058335]},"properties":{"OBJECTID":899607,"GlobalID":"264af74b-e014-43bc-a8e3-fb5fb02517b2","case_number":"P26015672","crime_category":"SEX OFFENSES","crime_code":"17M","crime_description":"Sex Offense/Indecent Exposure","crime_type":"CRIMES AGAINST SOCIETY","reported_block_address":"100 BLOCK E SOUTH ST","city_of_incident":"RALEIGH","city":"RALEIGH","district":"Downtown","reported_date":1774463220000,"reported_year":2026,"reported_month":3,"reported_day":25,"reported_hour":14,"reported_dayofwk":"Wednesday","latitude":35.772127105833526,"longitude":-78.638249266590222,"agency":"RPD","updated_date":1774972255723}},{"type":"Feature","id":899608,"geometry":{"type":"Point","coordinates":[-78.6375739075077,35.8570670782445]},"properties":{"OBJECTID":899608,"GlobalID":"455b113b-9e16-466f-a378-6825629e0069","case_number":"P26015642","crime_category":"FRAUD","crime_code":"56A","crime_description":"Fraud/False Pretense or Swindle","crime_type":"CRIMES AGAINST PROPERTY","reported_block_address":"100 BLOCK BURKWOOD LA","city_of_incident":"RALEIGH","city":"RALEIGH","district":"North","reported_date":1774453620000,"reported_year":2026,"reported_month":3,"reported_day":25,"reported_hour":11,"reported_dayofwk":"Wednesday","latitude":35.857067078244455,"longitude":-78.6375739075077,"agency":"RPD","updated_date":1774996660737}},{"type":"Feature","id":899609,"geometry":null,"properties":{"OBJECTID":899609,"GlobalID":"55ae83e4-9995-4934-bd4f-eb6cf9c69047","case_number":"","crime_category":"ALL OTHER OFFENSES","crime_code":"72A","crime_description":"Family Offenses/Nonviolent (eg: neglect)","crime_type":"CRIMES AGAINST SOCIETY","reported_block_address":"","city_of_incident":"","city":"RALEIGH","district":"Downtown","reported_date":1774452000000,"reported_year":2026,"reported_month":3,"reported_day":25,"reported_hour":11,"reported_dayofwk":"Wednesday","latitude":0,"longitude":0,"agency":"RPD","updated_date":1774974158770}},{"type":"Feature","id":899610,"geometry":null,"properties":{"OBJECTID":899610,"GlobalID":"17185621-9a48-405d-a8b0-cf2faa0c2f40","case_number":"","crime_category":"AGGRAVATED ASSAULT","crime_code":"25M","crime_description":"Child Abuse/Aggravated","crime_type":"CRIMES AGAINST PERSONS","reported_block_address":"","city_of_incident":"","city":"RALEIGH","district":"Northeast","reported_date":1774446960000,"reported_year":2026,"reported_month":3,"reported_day":25,"reported_hour":9,"reported_dayofwk":"Wednesday","latitude":0,"longitude":0,"agency":"RPD","updated_date":1774996645003}},{"type":"Feature","id":899611,"geometry":null,"properties":{"OBJECTID":899611,"GlobalID":"300b9dbb-6cbf-43be-be96-0f480c494257","case_number":"","crime_category":"AGGRAVATED ASSAULT","crime_code":"25M","crime_description":"Child Abuse/Aggravated","crime_type":"CRIMES AGAINST PERSONS","reported_block_address":"","city_of_incident":"","city":"RALEIGH","district":"North","reported_date":1774456140000,"reported_year":2026,"reported_month":3,"reported_day":25,"reported_hour":12,"reported_dayofwk":"Wednesday","latitude":0,"longitude":0,"agency":"RPD","updated_date":1776430273143}},{"type":"Feature","id":899612,"geometry":null,"properties":{"OBJECTID":899612,"GlobalID":"aba526e1-d739-4166-898c-a5189b385c9d","case_number":"","crime_category":"SIMPLE ASSAULT","crime_code":"25N","crime_description":"Child Abuse/Simple","crime_type":"CRIMES AGAINST PERSONS","reported_block_address":"","city_of_incident":"","city":"RALEIGH","district":"North","reported_date":1774468380000,"reported_year":2026,"reported_month":3,"reported_day":25,"reported_hour":15,"reported_dayofwk":"Wednesday","latitude":0,"longitude":0,"agency":"RPD","updated_date":1774996839450}},{"type":"Feature","id":899613,"geometry":null,"properties":{"OBJECTID":899613,"GlobalID":"4b2a4643-eafc-401f-9158-d5956a6efc44","case_number":"","crime_category":"MISCELLANEOUS","crime_code":"81D","crime_description":"Miscellaneous/Injured Person","crime_type":"NULL","reported_block_address":"","city_of_incident":"","city":"RALEIGH","district":"Downtown","reported_date":1774435080000,"reported_year":2026,"reported_month":3,"reported_day":25,"reported_hour":6,"reported_dayofwk":"Wednesday","latitude":0,"longitude":0,"agency":"RPD","updated_date":1774972234843}},{"type":"Feature","id":899614,"geometry":null,"properties":{"OBJECTID":899614,"GlobalID":"a6528e88-177f-4caa-9789-2a469bb97f3d","case_number":"","crime_category":"MISCELLANEOUS","crime_code":"81A","crime_description":"Miscellaneous/All Other Non-Offenses","crime_type":"NULL","reported_block_address":"","city_of_incident":"","city":"RALEIGH","district":"Downtown","reported_date":1774452180000,"reported_year":2026,"reported_month":3,"reported_day":25,"reported_hour":11,"reported_dayofwk":"Wednesday","latitude":0,"longitude":0,"agency":"RPD","updated_date":1774972245773}},{"type":"Feature","id":899615,"geometry":null,"properties":{"OBJECTID":899615,"GlobalID":"52f9dbbd-6faf-42b0-8135-329b37e8630a","case_number":"","crime_category":"MISCELLANEOUS","crime_code":"81A","crime_description":"Miscellaneous/All Other Non-Offenses","crime_type":"NULL","reported_block_address":"","city_of_incident":"","city":"RALEIGH","district":"Downtown","reported_date":1774454460000,"reported_year":2026,"reported_month":3,"reported_day":25,"reported_hour":12,"reported_dayofwk":"Wednesday","latitude":0,"longitude":0,"agency":"RPD","updated_date":1774972247157}},{"type":"Feature","id":899616,"geometry":null,"properties":{"OBJECTID":899616,"GlobalID":"03565c36-56d8-49db-85de-2550251ae7ca","case_number":"","crime_category":"MISCELLANEOUS","crime_code":"81A","crime_description":"Miscellaneous/All Other Non-Offenses","crime_type":"NULL","reported_block_address":"","city_of_incident":"","city":"RALEIGH","district":"Downtown","reported_date":1774490100000,"reported_year":2026,"reported_month":3,"reported_day":25,"reported_hour":21,"reported_dayofwk":"Wednesday","latitude":0,"longitude":0,"agency":"RPD","updated_date":1774972400733}},{"type":"Feature","id":899617,"geometry":{"type":"Point","coordinates":[-78.61167263105,35.8326061263953]},"properties":{"OBJECTID":899617,"GlobalID":"814045e6-7e52-4fb9-b5eb-4cc4c19ff620","case_number":"P26015714","crime_category":"INTIMIDATION","crime_code":"25F","crime_description":"Assault/Intimidation-Communicating Threats","crime_type":"CRIMES AGAINST PERSONS","reported_block_address":"3600 BLOCK BUSH ST","city_of_incident":"RALEIGH","city":"RALEIGH","district":"Northeast","reported_date":1774469760000,"reported_year":2026,"reported_month":3,"reported_day":25,"reported_hour":16,"reported_dayofwk":"Wednesday","latitude":35.8326061263953,"longitude":-78.611672631050013,"agency":"RPD","updated_date":1774996936787}},{"type":"Feature","id":899618,"geometry":null,"properties":{"OBJECTID":899618,"GlobalID":"74f803c8-dee0-4683-a295-a370ed7a1738","case_number":"","crime_category":"MISCELLANEOUS","crime_code":"81A","crime_description":"Miscellaneous/All Other Non-Offenses","crime_type":"NULL","reported_block_address":"","city_of_incident":"","city":"RALEIGH","district":"North","reported_date":1774430880000,"reported_year":2026,"reported_month":3,"reported_day":25,"reported_hour":5,"reported_dayofwk":"Wednesday","latitude":0,"longitude":0,"agency":"RPD","updated_date":1774972230110}},{"type":"Feature","id":899619,"geometry":null,"properties":{"OBJECTID":899619,"GlobalID":"01175864-fe4f-4a70-8600-2fd60f153243","case_number":"","crime_category":"MISCELLANEOUS","crime_code":"81A","crime_description":"Miscellaneous/All Other Non-Offenses","crime_type":"NULL","reported_block_address":"","city_of_incident":"","city":"RALEIGH","district":"North","reported_date":1774440360000,"reported_year":2026,"reported_month":3,"reported_day":25,"reported_hour":8,"reported_dayofwk":"Wednesday","latitude":0,"longitude":0,"agency":"RPD","updated_date":1774972237217}},{"type":"Feature","id":899620,"geometry":null,"properties":{"OBJECTID":899620,"GlobalID":"898e8280-92cb-4467-8b75-d9979b5cd7ae","case_number":"","crime_category":"MISCELLANEOUS","crime_code":"81A","crime_description":"Miscellaneous/All Other Non-Offenses","crime_type":"NULL","reported_block_address":"","city_of_incident":"","city":"RALEIGH","district":"North","reported_date":1774464600000,"reported_year":2026,"reported_month":3,"reported_day":25,"reported_hour":14,"reported_dayofwk":"Wednesday","latitude":0,"longitude":0,"agency":"RPD","updated_date":1774972258553}},{"type":"Feature","id":899621,"geometry":null,"properties":{"OBJECTID":899621,"GlobalID":"1456e7d0-0f06-4443-b1ea-3b4b23928552","case_number":"","crime_category":"MISCELLANEOUS","crime_code":"81A","crime_description":"Miscellaneous/All Other Non-Offenses","crime_type":"NULL","reported_block_address":"","city_of_incident":"","city":"RALEIGH","district":"Northwest","reported_date":1774431240000,"reported_year":2026,"reported_month":3,"reported_day":25,"reported_hour":5,"reported_dayofwk":"Wednesday","latitude":0,"longitude":0,"agency":"RPD","updated_date":1774992712197}},{"type":"Feature","id":899622,"geometry":null,"properties":{"OBJECTID":899622,"GlobalID":"0005cd0b-b1f5-46ef-b645-75a486e39668","case_number":"","crime_category":"MISCELLANEOUS","crime_code":"81A","crime_description":"Miscellaneous/All Other Non-Offenses","crime_type":"NULL","reported_block_address":"","city_of_incident":"","city":"RALEIGH","district":"Northwest","reported_date":1774495920000,"reported_year":2026,"reported_month":3,"reported_day":25,"reported_hour":23,"reported_dayofwk":"Wednesday","latitude":0,"longitude":0,"agency":"RPD","updated_date":1774972401103}},{"type":"Feature","id":899625,"geometry":null,"properties":{"OBJECTID":899625,"GlobalID":"522ec55c-a69e-4762-aa62-e8d1ec15ded2","case_number":"","crime_category":"MISCELLANEOUS","crime_code":"81A","crime_description":"Miscellaneous/All Other Non-Offenses","crime_type":"NULL","reported_block_address":"","city_of_incident":"","city":"RALEIGH","district":"Southeast","reported_date":1774436040000,"reported_year":2026,"reported_month":3,"reported_day":25,"reported_hour":6,"reported_dayofwk":"Wednesday","latitude":0,"longitude":0,"agency":"RPD","updated_date":1774972235330}},{"type":"Feature","id":899626,"geometry":null,"properties":{"OBJECTID":899626,"GlobalID":"b09d2474-32a2-459b-9463-eef1ca97d678","case_number":"","crime_category":"MISCELLANEOUS","crime_code":"81A","crime_description":"Miscellaneous/All Other Non-Offenses","crime_type":"NULL","reported_block_address":"","city_of_incident":"","city":"RALEIGH","district":"Downtown","reported_date":1774459440000,"reported_year":2026,"reported_month":3,"reported_day":25,"reported_hour":13,"reported_dayofwk":"Wednesday","latitude":0,"longitude":0,"agency":"RPD","updated_date":1774972252037}},{"type":"Feature","id":899627,"geometry":null,"properties":{"OBJECTID":899627,"GlobalID":"53f7f645-f600-454a-8734-bba9c03f2d09","case_number":"","crime_category":"MISCELLANEOUS","crime_code":"81A","crime_description":"Miscellaneous/All Other Non-Offenses","crime_type":"NULL","reported_block_address":"","city_of_incident":"","city":"RALEIGH","district":"Southeast","reported_date":1774475400000,"reported_year":2026,"reported_month":3,"reported_day":25,"reported_hour":17,"reported_dayofwk":"Wednesday","latitude":0,"longitude":0,"agency":"RPD","updated_date":1774972328497}},{"type":"Feature","id":899629,"geometry":null,"properties":{"OBJECTID":899629,"GlobalID":"3af3000a-6b8e-4453-923a-4920456c4ced","case_number":"","crime_category":"MISCELLANEOUS","crime_code":"81A","crime_description":"Miscellaneous/All Other Non-Offenses","crime_type":"NULL","reported_block_address":"","city_of_incident":"","city":"RALEIGH","district":"Southwest","reported_date":1774466040000,"reported_year":2026,"reported_month":3,"reported_day":25,"reported_hour":15,"reported_dayofwk":"Wednesday","latitude":0,"longitude":0,"agency":"RPD","updated_date":1774976917537}},{"type":"Feature","id":899630,"geometry":null,"properties":{"OBJECTID":899630,"GlobalID":"0dd0298d-d126-4977-8217-bfee2a3b18ce","case_number":"","crime_category":"MISCELLANEOUS","crime_code":"81A","crime_description":"Miscellaneous/All Other Non-Offenses","crime_type":"NULL","reported_block_address":"","city_of_incident":"","city":"RALEIGH","district":"Southwest","reported_date":1774466700000,"reported_year":2026,"reported_month":3,"reported_day":25,"reported_hour":15,"reported_dayofwk":"Wednesday","latitude":0,"longitude":0,"agency":"RPD","updated_date":1774972320117}},{"type":"Feature","id":899631,"geometry":null,"properties":{"OBJECTID":899631,"GlobalID":"fa6f53e1-2340-4ea2-bad4-4c72f5488682","case_number":"","crime_category":"MISCELLANEOUS","crime_code":"81A","crime_description":"Miscellaneous/All Other Non-Offenses","crime_type":"NULL","reported_block_address":"","city_of_incident":"","city":"RALEIGH","district":"Southwest","reported_date":1774473300000,"reported_year":2026,"reported_month":3,"reported_day":25,"reported_hour":17,"reported_dayofwk":"Wednesday","latitude":0,"longitude":0,"agency":"RPD","updated_date":1774976442030}},{"type":"Feature","id":899632,"geometry":null,"properties":{"OBJECTID":899632,"GlobalID":"9485943f-d8ce-4351-942a-fcdd2821d198","case_number":"","crime_category":"MISCELLANEOUS","crime_code":"81A","crime_description":"Miscellaneous/All Other Non-Offenses","crime_type":"NULL","reported_block_address":"","city_of_incident":"","city":"RALEIGH","district":"Southwest","reported_date":1774476360000,"reported_year":2026,"reported_month":3,"reported_day":25,"reported_hour":18,"reported_dayofwk":"Wednesday","latitude":0,"longitude":0,"agency":"RPD","updated_date":1774972329673}},{"type":"Feature","id":899633,"geometry":null,"properties":{"OBJECTID":899633,"GlobalID":"325399c8-05b5-4b39-95fa-42281521c6cd","case_number":"","crime_category":"MISCELLANEOUS","crime_code":"81A","crime_description":"Miscellaneous/All Other Non-Offenses","crime_type":"NULL","reported_block_address":"","city_of_incident":"","city":"RALEIGH","district":"Southwest","reported_date":1774479120000,"reported_year":2026,"reported_month":3,"reported_day":25,"reported_hour":18,"reported_dayofwk":"Wednesday","latitude":0,"longitude":0,"agency":"RPD","updated_date":1776083241167}},{"type":"Feature","id":899634,"geometry":null,"properties":{"OBJECTID":899634,"GlobalID":"61b54742-8f6d-4641-9fe6-24f5d5b9a45e","case_number":"","crime_category":"MISCELLANEOUS","crime_code":"81B","crime_description":"Miscellaneous/Deceased Person","crime_type":"NULL","reported_block_address":"","city_of_incident":"","city":"RALEIGH","district":"Southeast","reported_date":1774448040000,"reported_year":2026,"reported_month":3,"reported_day":25,"reported_hour":10,"reported_dayofwk":"Wednesday","latitude":0,"longitude":0,"agency":"RPD","updated_date":1774972244747}},{"type":"Feature","id":899635,"geometry":null,"properties":{"OBJECTID":899635,"GlobalID":"145deb19-59c4-4a3a-8f3b-acfc55bcd72c","case_number":"","crime_category":"MISCELLANEOUS","crime_code":"81C","crime_description":"Miscellaneous/Found Property","crime_type":"NULL","reported_block_address":"","city_of_incident":"","city":"RALEIGH","district":"North","reported_date":1774463700000,"reported_year":2026,"reported_month":3,"reported_day":25,"reported_hour":14,"reported_dayofwk":"Wednesday","latitude":0,"longitude":0,"agency":"RPD","updated_date":1774972254890}},{"type":"Feature","id":899637,"geometry":null,"properties":{"OBJECTID":899637,"GlobalID":"9b16f59b-dd46-4d8e-9975-9276462763ed","case_number":"","crime_category":"MISCELLANEOUS","crime_code":"81C","crime_description":"Miscellaneous/Found Property","crime_type":"NULL","reported_block_address":"","city_of_incident":"","city":"RALEIGH","district":"Southwest","reported_date":1774452780000,"reported_year":2026,"reported_month":3,"reported_day":25,"reported_hour":11,"reported_dayofwk":"Wednesday","latitude":0,"longitude":0,"agency":"RPD","updated_date":1774972250840}},{"type":"Feature","id":899638,"geometry":null,"properties":{"OBJECTID":899638,"GlobalID":"36d21e3f-5f5b-4530-8844-7eb19dbda45c","case_number":"","crime_category":"MISCELLANEOUS","crime_code":"81F","crime_description":"Miscellaneous/Mental Commitment","crime_type":"NULL","reported_block_address":"","city_of_incident":"","city":"RALEIGH","district":"North","reported_date":1774444080000,"reported_year":2026,"reported_month":3,"reported_day":25,"reported_hour":9,"reported_dayofwk":"Wednesday","latitude":0,"longitude":0,"agency":"RPD","updated_date":1774972239597}},{"type":"Feature","id":899639,"geometry":null,"properties":{"OBJECTID":899639,"GlobalID":"32df2326-7712-416a-a8c5-b8a7da60466a","case_number":"","crime_category":"MISCELLANEOUS","crime_code":"81F","crime_description":"Miscellaneous/Mental Commitment","crime_type":"NULL","reported_block_address":"","city_of_incident":"","city":"RALEIGH","district":"Southwest","reported_date":1774483920000,"reported_year":2026,"reported_month":3,"reported_day":25,"reported_hour":20,"reported_dayofwk":"Wednesday","latitude":0,"longitude":0,"agency":"RPD","updated_date":1774972398420}},{"type":"Feature","id":899640,"geometry":null,"properties":{"OBJECTID":899640,"GlobalID":"2a92d545-4c90-4cd5-b169-127ec099e037","case_number":"","crime_category":"MISCELLANEOUS","crime_code":"81G","crime_description":"Miscellaneous/Missing Person (17 & under)","crime_type":"NULL","reported_block_address":"","city_of_incident":"","city":"RALEIGH","district":"Southwest","reported_date":1774486680000,"reported_year":2026,"reported_month":3,"reported_day":25,"reported_hour":20,"reported_dayofwk":"Wednesday","latitude":0,"longitude":0,"agency":"RPD","updated_date":1776261386663}},{"type":"Feature","id":899641,"geometry":null,"properties":{"OBJECTID":899641,"GlobalID":"c0742f09-07c7-4b88-b593-8d333e83e5c9","case_number":"","crime_category":"MISCELLANEOUS","crime_code":"81H","crime_description":"Miscellaneous/Missing Person (18 & over)","crime_type":"NULL","reported_block_address":"","city_of_incident":"","city":"RALEIGH","district":"Downtown","reported_date":1774457040000,"reported_year":2026,"reported_month":3,"reported_day":25,"reported_hour":12,"reported_dayofwk":"Wednesday","latitude":0,"longitude":0,"agency":"RPD","updated_date":1775500813450}},{"type":"Feature","id":899642,"geometry":null,"properties":{"OBJECTID":899642,"GlobalID":"cbe41f3c-5c16-486e-b08c-ee16d044987e","case_number":"","crime_category":"SEX OFFENSES","crime_code":"17D","crime_description":"Sex Offense/Forcible Fondling","crime_type":"CRIMES AGAINST PERSONS","reported_block_address":"","city_of_incident":"","city":"RALEIGH","district":"North","reported_date":1774456140000,"reported_year":2026,"reported_month":3,"reported_day":25,"reported_hour":12,"reported_dayofwk":"Wednesday","latitude":0,"longitude":0,"agency":"RPD","updated_date":1776430273143}},{"type":"Feature","id":899643,"geometry":{"type":"Point","coordinates":[-78.5533145814616,35.8838121817783]},"properties":{"OBJECTID":899643,"GlobalID":"8e51f0f9-3b59-42a7-a769-697d62d0ed38","case_number":"P26015748","crime_category":"MV THEFT","crime_code":"40A","crime_description":"Motor Vehicle Theft","crime_type":"CRIMES AGAINST PROPERTY","reported_block_address":"RANADA CT  &  MCGUIRE DR","city_of_incident":"RALEIGH","city":"RALEIGH","district":"North","reported_date":1774480860000,"reported_year":2026,"reported_month":3,"reported_day":25,"reported_hour":19,"reported_dayofwk":"Wednesday","latitude":35.883812181778296,"longitude":-78.553314581461649,"agency":"RPD","updated_date":1774972333243}},{"type":"Feature","id":899644,"geometry":{"type":"Point","coordinates":[-78.6906346764554,35.8154767658576]},"properties":{"OBJECTID":899644,"GlobalID":"34e5457a-3e5f-45a0-b158-189c6d42afc0","case_number":"P26015773","crime_category":"DRUG VIOLATIONS","crime_code":"54Z","crime_description":"Drug Equipment/Paraphernalia","crime_type":"CRIMES AGAINST SOCIETY","reported_block_address":"I 440 WB  &  LAKE BOONE TRL","city_of_incident":"RALEIGH","city":"RALEIGH","district":"Southwest","reported_date":1774488840000,"reported_year":2026,"reported_month":3,"reported_day":25,"reported_hour":21,"reported_dayofwk":"Wednesday","latitude":35.8154767658576,"longitude":-78.6906346764554,"agency":"RPD","updated_date":1776700238833}},{"type":"Feature","id":899645,"geometry":{"type":"Point","coordinates":[-78.6906346764554,35.8154767658576]},"properties":{"OBJECTID":899645,"GlobalID":"51b9ea56-d3b1-451b-969f-be51a989b712","case_number":"P26015773","crime_category":"DRUGS","crime_code":"54C","crime_description":"Drug Violation/Felony","crime_type":"CRIMES AGAINST SOCIETY","reported_block_address":"I 440 WB  &  LAKE BOONE TRL","city_of_incident":"RALEIGH","city":"RALEIGH","district":"Southwest","reported_date":1774488840000,"reported_year":2026,"reported_month":3,"reported_day":25,"reported_hour":21,"reported_dayofwk":"Wednesday","latitude":35.8154767658576,"longitude":-78.6906346764554,"agency":"RPD","updated_date":1776700238833}},{"type":"Feature","id":899661,"geometry":{"type":"Point","coordinates":[-78.6469822049559,35.7693371788627]},"properties":{"OBJECTID":899661,"GlobalID":"bf1313cb-f25f-450f-a579-57d06d29f136","case_number":"P26015767","crime_category":"ALL OTHER OFFENSES","crime_code":"80A","crime_description":"All Other/All Other Offenses","crime_type":"NULL","reported_block_address":"700 BLOCK GATEWAY PARK DR","city_of_incident":"RALEIGH","city":"RALEIGH","district":"Southwest","reported_date":1774484460000,"reported_year":2026,"reported_month":3,"reported_day":25,"reported_hour":20,"reported_dayofwk":"Wednesday","latitude":35.769337178862706,"longitude":-78.646982204955918,"agency":"RPD","updated_date":1775083217393}},{"type":"Feature","id":899674,"geometry":{"type":"Point","coordinates":[-78.6303648818456,35.8068513273032]},"properties":{"OBJECTID":899674,"GlobalID":"a6fbbaa8-4ce8-402c-b286-3cfa0ec6f831","case_number":"P26015757","crime_category":"LARCENY FROM MV","crime_code":"35F","crime_description":"Larceny/Theft from Motor Vehicle","crime_type":"CRIMES AGAINST PROPERTY","reported_block_address":"600 BLOCK E WHITAKER MILL RD","city_of_incident":"RALEIGH","city":"RALEIGH","district":"Southwest","reported_date":1774478460000,"reported_year":2026,"reported_month":3,"reported_day":25,"reported_hour":18,"reported_dayofwk":"Wednesday","latitude":35.806851327303228,"longitude":-78.630364881845537,"agency":"RPD","updated_date":1774996993490}},{"type":"Feature","id":899675,"geometry":{"type":"Point","coordinates":[-78.5814907014407,35.8580567568342]},"properties":{"OBJECTID":899675,"GlobalID":"a34a201b-17f5-484b-acad-490c2b205773","case_number":"P26015677","crime_category":"DRUGS","crime_code":"54D","crime_description":"Drug Violation/Misdemeanor","crime_type":"CRIMES AGAINST SOCIETY","reported_block_address":"5200 BLOCK CAPITAL BLVD","city_of_incident":"RALEIGH","city":"RALEIGH","district":"Northeast","reported_date":1774464360000,"reported_year":2026,"reported_month":3,"reported_day":25,"reported_hour":14,"reported_dayofwk":"Wednesday","latitude":35.858056756834166,"longitude":-78.581490701440714,"agency":"RPD","updated_date":1774996825010}},{"type":"Feature","id":899685,"geometry":{"type":"Point","coordinates":[-78.6765468043271,35.8396349113058]},"properties":{"OBJECTID":899685,"GlobalID":"0a15210e-860d-4e38-843f-a4fedd5be8e9","case_number":"P26015743","crime_category":"SIMPLE ASSAULT","crime_code":"25E","crime_description":"Assault/Simple","crime_type":"CRIMES AGAINST PERSONS","reported_block_address":"4300 BLOCK GLENWOOD AVE","city_of_incident":"RALEIGH","city":"RALEIGH","district":"Northwest","reported_date":1774464000000,"reported_year":2026,"reported_month":3,"reported_day":25,"reported_hour":14,"reported_dayofwk":"Wednesday","latitude":35.839634911305822,"longitude":-78.676546804327117,"agency":"RPD","updated_date":1775160077383}},{"type":"Feature","id":899696,"geometry":{"type":"Point","coordinates":[-78.5757452569176,35.8634994437682]},"properties":{"OBJECTID":899696,"GlobalID":"e2c1b397-d554-4197-8edb-10fd9301d2e7","case_number":"P26015700","crime_category":"DRUGS","crime_code":"54C","crime_description":"Drug Violation/Felony","crime_type":"CRIMES AGAINST SOCIETY","reported_block_address":"3700 BLOCK SUMNER BLVD","city_of_incident":"RALEIGH","city":"RALEIGH","district":"Northeast","reported_date":1774470420000,"reported_year":2026,"reported_month":3,"reported_day":25,"reported_hour":16,"reported_dayofwk":"Wednesday","latitude":35.863499443768163,"longitude":-78.5757452569176,"agency":"RPD","updated_date":1776951384200}},{"type":"Feature","id":899712,"geometry":{"type":"Point","coordinates":[-78.6443701372427,35.7757645310515]},"properties":{"OBJECTID":899712,"GlobalID":"a6f28fe3-c0d2-4b17-a26a-f0c439418121","case_number":"P26015702","crime_category":"HUMANE","crime_code":"82E","crime_description":"Humane/Animal Bite","crime_type":"NULL","reported_block_address":"300 BLOCK W DAVIE ST","city_of_incident":"RALEIGH","city":"RALEIGH","district":"Downtown","reported_date":1774469520000,"reported_year":2026,"reported_month":3,"reported_day":25,"reported_hour":16,"reported_dayofwk":"Wednesday","latitude":35.775764531051514,"longitude":-78.6443701372427,"agency":"RPD","updated_date":1775679638080}},{"type":"Feature","id":899725,"geometry":{"type":"Point","coordinates":[-78.6035702052759,35.8751508435139]},"properties":{"OBJECTID":899725,"GlobalID":"d3f18a23-e79b-4a82-9de1-a1a86129fae3","case_number":"P26015635","crime_category":"FRAUD","crime_code":"56B","crime_description":"Fraud/Credit Card-ATM Fraud","crime_type":"CRIMES AGAINST PROPERTY","reported_block_address":"2100 BLOCK WEYBRIDGE DR","city_of_incident":"RALEIGH","city":"RALEIGH","district":"North","reported_date":1774450380000,"reported_year":2026,"reported_month":3,"reported_day":25,"reported_hour":10,"reported_dayofwk":"Wednesday","latitude":35.875150843513914,"longitude":-78.603570205275886,"agency":"RPD","updated_date":1774996659363}},{"type":"Feature","id":899726,"geometry":{"type":"Point","coordinates":[-78.6746565110327,35.8491375704051]},"properties":{"OBJECTID":899726,"GlobalID":"e7ba41e3-a050-43a7-aca2-3cf91de372a1","case_number":"P26015660","crime_category":"ARSON","crime_code":"45A","crime_description":"Arson","crime_type":"CRIMES AGAINST PROPERTY","reported_block_address":"2100 BLOCK RAVENGLASS PL","city_of_incident":"RALEIGH","city":"RALEIGH","district":"North","reported_date":1774455840000,"reported_year":2026,"reported_month":3,"reported_day":25,"reported_hour":12,"reported_dayofwk":"Wednesday","latitude":35.849137570405119,"longitude":-78.6746565110327,"agency":"RPD","updated_date":1775679430790}},{"type":"Feature","id":899744,"geometry":{"type":"Point","coordinates":[-78.5630346571533,35.7968214568223]},"properties":{"OBJECTID":899744,"GlobalID":"444c1044-dd19-4737-9c39-d1c7b7baf4bc","case_number":"P26015720","crime_category":"VANDALISM","crime_code":"53A","crime_description":"Damage to Property (Group A)","crime_type":"CRIMES AGAINST PROPERTY","reported_block_address":"1300 BLOCK N NEW HOPE RD","city_of_incident":"RALEIGH","city":"RALEIGH","district":"Southeast","reported_date":1774474140000,"reported_year":2026,"reported_month":3,"reported_day":25,"reported_hour":17,"reported_dayofwk":"Wednesday","latitude":35.796821456822315,"longitude":-78.56303465715331,"agency":"RPD","updated_date":1774996944820}},{"type":"Feature","id":899762,"geometry":{"type":"Point","coordinates":[-78.6382492665902,35.7721271058335]},"properties":{"OBJECTID":899762,"GlobalID":"d13ea453-012e-4abb-b919-6e96bf302334","case_number":"P26015741","crime_category":"SIMPLE ASSAULT","crime_code":"25E","crime_description":"Assault/Simple","crime_type":"CRIMES AGAINST PERSONS","reported_block_address":"100 BLOCK E SOUTH ST","city_of_incident":"RALEIGH","city":"RALEIGH","district":"Downtown","reported_date":1774479720000,"reported_year":2026,"reported_month":3,"reported_day":25,"reported_hour":19,"reported_dayofwk":"Wednesday","latitude":35.772127105833526,"longitude":-78.638249266590222,"agency":"RPD","updated_date":1774552272773}},{"type":"Feature","id":899780,"geometry":null,"properties":{"OBJECTID":899780,"GlobalID":"c9e4c081-33e3-4e6e-ac83-9f0738de5164","case_number":"","crime_category":"MISCELLANEOUS","crime_code":"81A","crime_description":"Miscellaneous/All Other Non-Offenses","crime_type":"NULL","reported_block_address":"","city_of_incident":"","city":"RALEIGH","district":"Northwest","reported_date":1774453740000,"reported_year":2026,"reported_month":3,"reported_day":25,"reported_hour":11,"reported_dayofwk":"Wednesday","latitude":0,"longitude":0,"agency":"RPD","updated_date":1774972255383}},{"type":"Feature","id":899791,"geometry":null,"properties":{"OBJECTID":899791,"GlobalID":"0a167e7f-4db1-4b68-8170-689209915e6c","case_number":"","crime_category":"MISCELLANEOUS","crime_code":"81F","crime_description":"Miscellaneous/Mental Commitment","crime_type":"NULL","reported_block_address":"","city_of_incident":"","city":"RALEIGH","district":"Northwest","reported_date":1774439640000,"reported_year":2026,"reported_month":3,"reported_day":25,"reported_hour":7,"reported_dayofwk":"Wednesday","latitude":0,"longitude":0,"agency":"RPD","updated_date":1774972243570}},{"type":"Feature","id":899796,"geometry":null,"properties":{"OBJECTID":899796,"GlobalID":"99d07571-f597-4da6-8ced-2336f3206c7f","case_number":"","crime_category":"SEX OFFENSES","crime_code":"17F","crime_description":"Sex Offense/Statutory Rape","crime_type":"CRIMES AGAINST PERSONS","reported_block_address":"","city_of_incident":"","city":"RALEIGH","district":"Southeast","reported_date":1774487760000,"reported_year":2026,"reported_month":3,"reported_day":25,"reported_hour":21,"reported_dayofwk":"Wednesday","latitude":0,"longitude":0,"agency":"RPD","updated_date":1775075982110}},{"type":"Feature","id":899799,"geometry":{"type":"Point","coordinates":[-78.6906346764554,35.8154767658576]},"properties":{"OBJECTID":899799,"GlobalID":"dc46dad3-9229-410c-97ec-d1982bfefacd","case_number":"P26015773","crime_category":"WEAPONS VIOLATION","crime_code":"51B","crime_description":"Weapons/Illegal Possession of Weapon","crime_type":"CRIMES AGAINST SOCIETY","reported_block_address":"I 440 WB  &  LAKE BOONE TRL","city_of_incident":"RALEIGH","city":"RALEIGH","district":"Southwest","reported_date":1774488840000,"reported_year":2026,"reported_month":3,"reported_day":25,"reported_hour":21,"reported_dayofwk":"Wednesday","latitude":35.8154767658576,"longitude":-78.6906346764554,"agency":"RPD","updated_date":1776700238833}},{"type":"Feature","id":899825,"geometry":{"type":"Point","coordinates":[-78.5692716259487,35.8620796303453]},"properties":{"OBJECTID":899825,"GlobalID":"c5430dda-4de4-4187-bf87-359e6bccd12b","case_number":"P26015666","crime_category":"ALL OTHER OFFENSES","crime_code":"80F","crime_description":"All Other/Harassing Telephone Calls","crime_type":"NULL","reported_block_address":"5900 BLOCK TRIANGLE OAKS DR","city_of_incident":"RALEIGH","city":"RALEIGH","district":"Northeast","reported_date":1774454580000,"reported_year":2026,"reported_month":3,"reported_day":25,"reported_hour":12,"reported_dayofwk":"Wednesday","latitude":35.862079630345278,"longitude":-78.569271625948687,"agency":"RPD","updated_date":1776959788953}},{"type":"Feature","id":899831,"geometry":{"type":"Point","coordinates":[-78.5545744986911,35.7532350517076]},"properties":{"OBJECTID":899831,"GlobalID":"4a750bca-b789-47e8-b837-30b1f91ec6a3","case_number":"P26015688","crime_category":"FRAUD","crime_code":"56A","crime_description":"Fraud/False Pretense or Swindle","crime_type":"CRIMES AGAINST PROPERTY","reported_block_address":"5400 BLOCK FIELDCROSS CT","city_of_incident":"RALEIGH","city":"RALEIGH","district":"Southeast","reported_date":1774466580000,"reported_year":2026,"reported_month":3,"reported_day":25,"reported_hour":15,"reported_dayofwk":"Wednesday","latitude":35.753235051707634,"longitude":-78.554574498691125,"agency":"RPD","updated_date":1774996833370}},{"type":"Feature","id":899868,"geometry":{"type":"Point","coordinates":[-78.6329530373142,35.7657425005233]},"properties":{"OBJECTID":899868,"GlobalID":"9adf2147-1766-470d-8de2-e437353b1a5d","case_number":"P26015679","crime_category":"DRUG VIOLATIONS","crime_code":"54Z","crime_description":"Drug Equipment/Paraphernalia","crime_type":"CRIMES AGAINST SOCIETY","reported_block_address":"1200 BLOCK S EAST ST","city_of_incident":"RALEIGH","city":"RALEIGH","district":"Downtown","reported_date":1774466700000,"reported_year":2026,"reported_month":3,"reported_day":25,"reported_hour":15,"reported_dayofwk":"Wednesday","latitude":35.765742500523316,"longitude":-78.632953037314181,"agency":"RPD","updated_date":1774996826687}},{"type":"Feature","id":899869,"geometry":{"type":"Point","coordinates":[-78.6329530373142,35.7657425005233]},"properties":{"OBJECTID":899869,"GlobalID":"4fc98038-64cd-4914-a7e8-c41fda546040","case_number":"P26015679","crime_category":"DRUGS","crime_code":"54C","crime_description":"Drug Violation/Felony","crime_type":"CRIMES AGAINST SOCIETY","reported_block_address":"1200 BLOCK S EAST ST","city_of_incident":"RALEIGH","city":"RALEIGH","district":"Downtown","reported_date":1774466700000,"reported_year":2026,"reported_month":3,"reported_day":25,"reported_hour":15,"reported_dayofwk":"Wednesday","latitude":35.765742500523316,"longitude":-78.632953037314181,"agency":"RPD","updated_date":1774996826687}},{"type":"Feature","id":899874,"geometry":{"type":"Point","coordinates":[-78.6954945559901,35.7839135145645]},"properties":{"OBJECTID":899874,"GlobalID":"9797f29f-af98-4a46-97c7-beb591ce9ab6","case_number":"P26015694","crime_category":"DRUG VIOLATIONS","crime_code":"54Z","crime_description":"Drug Equipment/Paraphernalia","crime_type":"CRIMES AGAINST SOCIETY","reported_block_address":"4200 BLOCK WESTERN BLVD","city_of_incident":"RALEIGH","city":"RALEIGH","district":"Southwest","reported_date":1774468920000,"reported_year":2026,"reported_month":3,"reported_day":25,"reported_hour":16,"reported_dayofwk":"Wednesday","latitude":35.783913514564482,"longitude":-78.695494555990066,"agency":"RPD","updated_date":1776951393277}},{"type":"Feature","id":899875,"geometry":{"type":"Point","coordinates":[-78.6954945559901,35.7839135145645]},"properties":{"OBJECTID":899875,"GlobalID":"f5fd0e1e-96e1-4482-a084-b088a3c57ff4","case_number":"P26015694","crime_category":"DRUGS","crime_code":"54C","crime_description":"Drug Violation/Felony","crime_type":"CRIMES AGAINST SOCIETY","reported_block_address":"4200 BLOCK WESTERN BLVD","city_of_incident":"RALEIGH","city":"RALEIGH","district":"Southwest","reported_date":1774468920000,"reported_year":2026,"reported_month":3,"reported_day":25,"reported_hour":16,"reported_dayofwk":"Wednesday","latitude":35.783913514564482,"longitude":-78.695494555990066,"agency":"RPD","updated_date":1776951393277}},{"type":"Feature","id":899955,"geometry":null,"properties":{"OBJECTID":899955,"GlobalID":"5619a0dd-fb3e-4a58-b71e-35908308129a","case_number":"","crime_category":"SEX OFFENSES","crime_code":"17D","crime_description":"Sex Offense/Forcible Fondling","crime_type":"CRIMES AGAINST PERSONS","reported_block_address":"","city_of_incident":"","city":"RALEIGH","district":"Northeast","reported_date":1774466640000,"reported_year":2026,"reported_month":3,"reported_day":25,"reported_hour":15,"reported_dayofwk":"Wednesday","latitude":0,"longitude":0,"agency":"RPD","updated_date":1775075948723}},{"type":"Feature","id":900129,"geometry":{"type":"Point","coordinates":[-78.6303648818456,35.8068513273032]},"properties":{"OBJECTID":900129,"GlobalID":"ad947f24-36cb-479f-948f-207df8f2ddf7","case_number":"P26015757","crime_category":"VANDALISM","crime_code":"80B","crime_description":"All Other/Damage to Property (minor)","crime_type":"NULL","reported_block_address":"600 BLOCK E WHITAKER MILL RD","city_of_incident":"RALEIGH","city":"RALEIGH","district":"Southwest","reported_date":1774478460000,"reported_year":2026,"reported_month":3,"reported_day":25,"reported_hour":18,"reported_dayofwk":"Wednesday","latitude":35.806851327303228,"longitude":-78.630364881845537,"agency":"RPD","updated_date":1774996993490}},{"type":"Feature","id":900159,"geometry":{"type":"Point","coordinates":[-78.6211166169592,35.8258803793989]},"properties":{"OBJECTID":900159,"GlobalID":"015ff752-4d79-427f-b124-39177f33ad9e","case_number":"P26015751","crime_category":"LARCENY FROM MV","crime_code":"35F","crime_description":"Larceny/Theft from Motor Vehicle","crime_type":"CRIMES AGAINST PROPERTY","reported_block_address":"3200 BLOCK WAKE FOREST RD","city_of_incident":"RALEIGH","city":"RALEIGH","district":"North","reported_date":1774472940000,"reported_year":2026,"reported_month":3,"reported_day":25,"reported_hour":17,"reported_dayofwk":"Wednesday","latitude":35.825880379398889,"longitude":-78.6211166169592,"agency":"RPD","updated_date":1774996982507}},{"type":"Feature","id":900467,"geometry":{"type":"Point","coordinates":[-78.5843960945023,35.7821659564281]},"properties":{"OBJECTID":900467,"GlobalID":"416bd7d6-8f8d-4205-8ff0-226821017ab3","case_number":"P26015597","crime_category":"ROBBERY","crime_code":"20B","crime_description":"Robbery/From Person","crime_type":"CRIMES AGAINST PROPERTY","reported_block_address":"3000 BLOCK FALSTAFF RD","city_of_incident":"RALEIGH","city":"RALEIGH","district":"Southeast","reported_date":1774434780000,"reported_year":2026,"reported_month":3,"reported_day":25,"reported_hour":6,"reported_dayofwk":"Wednesday","latitude":35.782165956428095,"longitude":-78.58439609450231,"agency":"RPD","updated_date":1775075215910}},{"type":"Feature","id":900818,"geometry":{"type":"Point","coordinates":[-78.6273801843457,35.7765247694859]},"properties":{"OBJECTID":900818,"GlobalID":"6a10addd-237f-4f11-a756-278e5df9b9c4","case_number":"P26015680","crime_category":"DRUGS","crime_code":"54C","crime_description":"Drug Violation/Felony","crime_type":"CRIMES AGAINST SOCIETY","reported_block_address":"700 BLOCK E MARTIN ST","city_of_incident":"RALEIGH","city":"RALEIGH","district":"Downtown","reported_date":1774466700000,"reported_year":2026,"reported_month":3,"reported_day":25,"reported_hour":15,"reported_dayofwk":"Wednesday","latitude":35.776524769485917,"longitude":-78.627380184345682,"agency":"RPD","updated_date":1776258237823}},{"type":"Feature","id":904265,"geometry":null,"properties":{"OBJECTID":904265,"GlobalID":"faf205e6-f58a-43d2-9a6d-92d911805b8c","case_number":"","crime_category":"MISCELLANEOUS","crime_code":"81C","crime_description":"Miscellaneous/Found Property","crime_type":"NULL","reported_block_address":"","city_of_incident":"","city":"RALEIGH","district":"Southeast","reported_date":1774431120000,"reported_year":2026,"reported_month":3,"reported_day":25,"reported_hour":5,"reported_dayofwk":"Wednesday","latitude":0,"longitude":0,"agency":"RPD","updated_date":1777106845360}}]}